Time,Altitude,Pressure,Velocity,Temperature,Events,Voltages
0.00,1.853873E-05,980.60,0,89.06, -,9.373784
0.05,1.853873E-05,980.60,0,89.06, -,9.373784
0.10,5.60569,980.40,5.333333,89.06, -,9.373784
0.15,8.410584,980.30,8,89.06, -,9.373784
0.20,14.01936,980.10,13.33333,89.06, -,9.373784
0.25,19.62734,979.90,18.66667,89.06, -,9.373784
0.30,30.84952,979.50,29.33333,89.06, -,9.373784
0.35,36.46201,979.30,34.66667,89.06, -,9.373784
0.40,44.88161,979.00,42.66667,89.06, -,9.373784
0.45,56.11215,978.60,53.38095,89.06, -,9.373784
0.50,70.15469,978.10,66.7619,89.06, -,9.373784
0.55,78.58266,977.80,74.80952,89.24, -,9.373784
0.60,92.6345,977.30,88.19048,89.24, -,9.373784
0.65,106.6922,976.80,101.5714,89.24, -,9.373784
0.70,123.5684,976.20,117.6667,89.24, -,9.373784
0.75,137.6389,975.70,131.0476,89.24, -,9.373784
0.80,151.7152,975.20,144.4762,89.24, -,9.373784
0.85,171.4322,974.50,163.2381,89.24, -,9.373784
0.90,199.6188,973.50,190.0952,89.24, -,9.373784
0.95,216.5414,972.90,206.1905,89.24, -,9.373784
1.00,230.6505,972.40,219.619,89.24, -,9.373784
1.05,253.2387,971.60,241.1429,89.24, -,9.373784
1.10,275.8403,970.80,262.6667,89.24, -,9.373784
1.15,301.2844,969.90,281.5714,89.24, -,9.373784
1.20,332.4111,968.80,308.5714,89.24, -,9.373784
1.25,352.2336,968.10,322.0952,89.24, -,9.373784
1.30,383.4054,967.00,346.4286,89.24, -,9.373784
1.35,408.9322,966.10,360.0952,89.24, -,9.373784
1.40,437.3172,965.10,381.8095,89.24, -,9.373784
1.45,465.726,964.10,400.8571,89.24, -,9.373784
1.50,497.0026,963.00,419.9524,89.24, -,9.373784
1.55,528.3081,961.90,436.381,89.24, -,9.373784
1.60,559.6443,960.80,458.1905,89.24, -,9.373784
1.65,588.1561,959.80,471.9524,89.24, -,9.373784
1.70,616.692,958.80,485.7619,89.24, -,9.373784
1.75,645.2519,957.80,496.8571,89.24, -,9.373784
1.80,673.8359,956.80,510.7143,89.24, -,9.373784
1.85,702.4443,955.80,524.5238,89.24, -,9.373784
1.90,731.0768,954.80,533.0476,89.24, -,9.373784
1.95,756.8658,953.90,530.7619,89.24, -,9.373784
2.00,785.5445,952.90,542,89.24, -,9.373784
2.05,811.377,952.00,553.1905,89.24, -,9.373784
2.10,840.102,951.00,559.0476,89.24, -,9.373784
2.15,865.9762,950.10,562.1429,89.24, -,9.373784
2.20,894.7479,949.10,565.2857,89.24, -,9.373784
2.25,920.6622,948.20,560.2857,89.24, -,9.373784
2.30,949.4806,947.20,568.8571,89.24, -,9.373784
2.35,975.4388,946.30,563.9048,89.24, -,9.373784
2.40,1004.304,945.30,567.0476,89.24, -,9.373784
2.45,1027.414,944.50,562,89.24, -,9.373784
2.50,1056.323,943.50,562.4762,89.24, -,9.373784
2.55,1082.364,942.60,557.4762,89.42, -,9.393232
2.60,1111.321,941.60,555.2381,89.42, -,9.393232
2.65,1137.402,940.70,550.2381,89.42, -,9.393232
2.70,1163.506,939.80,547.9524,89.42, -,9.393232
2.75,1189.628,938.90,545.619,89.42, -,9.393232
2.80,1218.677,937.90,546.0952,89.42, -,9.393232
2.85,1241.936,937.10,541,89.42, -,9.393232
2.90,1271.031,936.10,541.4762,89.42, -,9.393232
2.95,1294.324,935.30,536.381,89.42, -,9.393232
3.00,1323.464,934.30,539.5714,89.42, -,9.393232
3.05,1346.794,933.50,534.4762,89.42, -,9.393232
3.10,1375.979,932.50,537.6667,89.42, -,9.393232
3.15,1399.346,931.70,532.5238,89.42, -,9.393232
3.20,1425.653,930.80,532.9524,89.42, -,9.393232
3.25,1451.979,929.90,530.6667,89.42, -,9.393232
3.30,1478.328,929.00,531.0952,89.42, -,9.393232
3.35,1498.836,928.30,523.1905,89.42, -,9.393232
3.40,1528.154,927.30,526.381,89.42, -,9.393232
3.45,1548.692,926.60,518.4762,89.42, -,9.393232
3.50,1575.115,925.70,521.619,89.42, -,9.393232
3.55,1601.56,924.80,519.2857,89.42, -,9.393232
3.60,1625.084,924.00,516.8571,89.42, -,9.393232
3.65,1648.624,923.20,511.7143,89.42, -,9.393232
3.70,1675.128,922.30,512.0952,89.42, -,9.393232
3.75,1698.703,921.50,509.7143,89.42, -,9.393232
3.80,1725.246,920.60,510.1429,89.42, -,9.393232
3.85,1748.857,919.80,504.9524,89.42, -,9.393232
3.90,1775.438,918.90,508.1429,89.42, -,9.393232
3.95,1796.128,918.20,500.1429,89.42, -,9.393232
4.00,1825.707,917.20,506.1429,89.42, -,9.393232
4.05,1846.428,916.50,498.0952,89.42, -,9.393232
4.10,1873.089,915.60,501.2381,89.42, -,9.393232
4.15,1896.804,914.80,496,89.42, -,9.393232
4.20,1923.502,913.90,499.1905,89.42, -,9.393232
4.25,1944.284,913.20,493.9524,89.42, -,9.393232
4.30,1971.022,912.30,494.3333,89.42, -,9.393232
4.35,1994.807,911.50,491.9048,89.42, -,9.393232
4.40,2018.608,910.70,495.0476,89.42, -,9.393232
4.45,2042.427,909.90,489.8095,89.42, -,9.393232
4.50,2069.244,909.00,495.7619,89.42, -,9.393232
4.55,2090.116,908.30,490.4762,89.42, -,9.373784
4.60,2116.969,907.40,490.8571,89.42, -,9.373784
4.65,2137.872,906.70,488.381,89.42, -,9.373784
4.70,2161.775,905.90,488.7143,89.42, -,9.373784
4.75,2182.705,905.20,483.4286,89.42, -,9.373784
4.80,2206.641,904.40,483.7619,89.42, -,9.373784
4.85,2227.599,903.70,478.4286,89.42, -,9.373784
4.90,2248.57,903.00,475.9048,89.42, -,9.373784
4.95,2266.555,902.40,467.7143,89.42, -,9.373784
5.00,2290.553,901.60,470.8571,89.42, -,9.373784
5.05,2308.56,901.00,459.8095,89.42, -,9.373784
5.10,2332.586,900.20,463,89.42, -,9.373784
5.15,2350.618,899.60,454.8095,89.42, -,9.373784
5.20,2371.665,898.90,452.2857,89.42, -,9.373784
5.25,2389.719,898.30,444.0476,89.42, -,9.373784
5.30,2410.792,897.60,444.2857,89.42, -,9.373784
5.35,2428.865,897.00,436,89.42, -,9.373784
5.40,2449.963,896.30,433.4286,89.42, -,9.373784
5.45,2465.041,895.80,425.1429,89.42, -,9.373784
5.50,2489.18,895.00,425.4762,89.42, -,9.393232
5.55,2507.295,894.40,417.1905,89.42, -,9.393232
5.60,2528.443,893.70,417.4762,89.42, -,9.393232
5.65,2543.556,893.20,406.2857,89.42, -,9.393232
5.70,2564.727,892.50,406.5238,89.42, -,9.393232
5.75,2582.883,891.90,401.0476,89.42, -,9.393232
5.80,2601.051,891.30,398.381,89.42, -,9.393232
5.85,2619.227,890.70,392.9048,89.42, -,9.393232
5.90,2640.446,890.00,393.1429,89.42, -,9.393232
5.95,2658.644,889.40,390.5238,89.42, -,9.393232
6.00,2679.888,888.70,393.619,89.42, -,9.393232
6.05,2695.07,888.20,385.2381,89.42, -,9.393232
6.10,2716.338,887.50,388.3333,89.42, -,9.393232
6.15,2731.537,887.00,379.9048,89.42, -,9.393232
6.20,2752.827,886.30,383,89.42, -,9.393232
6.25,2771.086,885.70,380.3333,89.42, -,9.393232
6.30,2789.357,885.10,380.5238,89.42, -,9.393232
6.35,2807.636,884.50,377.9048,89.42, -,9.393232
6.40,2825.925,883.90,378.1429,89.42, -,9.393232
6.45,2844.226,883.30,375.4762,89.42, -,9.393232
6.50,2862.535,882.70,378.5238,89.42, -,9.393232
6.55,2880.856,882.10,372.9524,89.42, -,9.373784
6.60,2899.186,881.50,373.1905,89.42, -,9.373784
6.65,2914.469,881.00,367.619,89.42, -,9.373784
6.70,2932.816,880.40,370.7143,89.42, -,9.373784
6.75,2951.176,879.80,368.0476,89.42, -,9.373784
6.80,2969.544,879.20,368.2381,89.42, -,9.373784
6.85,2981.797,878.80,362.619,89.42, -,9.373784
6.90,3003.248,878.10,365.7143,89.42, -,9.373784
6.95,3018.579,877.60,360.1429,89.42, -,9.373784
7.00,3036.984,877.00,360.3333,89.42, -,9.373784
7.05,3052.331,876.50,354.7143,89.42, -,9.373784
7.10,3070.755,875.90,357.7619,89.42, -,9.373784
7.15,3086.117,875.40,352.1429,89.42, -,9.373784
7.20,3101.486,874.90,352.2857,89.42, -,9.373784
7.25,3116.862,874.40,346.6667,89.42, -,9.373784
7.30,3135.324,873.80,346.8571,89.42, -,9.373784
7.35,3147.635,873.40,341.1905,89.42, -,9.373784
7.40,3166.115,872.80,341.381,89.42, -,9.373784
7.45,3181.521,872.30,338.619,89.42, -,9.373784
7.50,3200.016,871.70,338.8095,89.42, -,9.373784
7.55,3212.354,871.30,333.1429,89.42, -,9.373784
7.60,3230.867,870.70,333.3333,89.42, -,9.373784
7.65,3243.216,870.30,327.619,89.42, -,9.373784
7.70,3261.747,869.70,330.7143,89.42, -,9.373784
7.75,3277.197,869.20,327.9524,89.42, -,9.373784
7.80,3292.655,868.70,325.1905,89.42, -,9.373784
7.85,3308.12,868.20,322.4286,89.42, -,9.373784
7.90,3323.592,867.70,325.4762,89.42, -,9.373784
7.95,3339.072,867.20,319.8095,89.42, -,9.373784
8.00,3351.461,866.80,317,89.42, -,9.373784
8.05,3370.052,866.20,317.1905,89.42, -,9.373784
8.10,3385.553,865.70,317.3333,89.42, -,9.373784
8.15,3397.96,865.30,311.619,89.42, -,9.373784
8.20,3416.577,864.70,314.7143,89.42, -,9.373784
8.25,3428.995,864.30,311.9048,89.42, -,9.373784
8.30,3444.524,863.80,312.0476,89.42, -,9.373784
8.35,3460.06,863.30,309.2857,89.42, -,9.373784
8.40,3475.603,862.80,312.381,89.42, -,9.373784
8.45,3488.042,862.40,306.619,89.42, -,9.373784
8.50,3503.598,861.90,306.7619,89.42, -,9.373784
8.55,3516.049,861.50,301,89.42, -,9.393232
8.60,3534.733,860.90,307.0476,89.42, -,9.393232
8.65,3547.196,860.50,301.2857,89.42, -,9.393232
8.70,3562.78,860.00,304.381,89.42, -,9.393232
8.75,3575.253,859.60,298.5714,89.42, -,9.393232
8.80,3590.851,859.10,298.7143,89.42, -,9.393232
8.85,3603.333,858.70,295.9048,89.42, -,9.393232
8.90,3618.943,858.20,296.0476,89.42, -,9.393232
8.95,3631.438,857.80,293.2381,89.42, -,9.393232
9.00,3643.935,857.40,290.381,89.42, -,9.393232
9.05,3656.439,857.00,290.4762,89.42, -,9.393232
9.10,3668.948,856.60,284.6667,89.42, -,9.393232
9.15,3681.46,856.20,281.8095,89.42, -,9.393232
9.20,3697.107,855.70,284.9048,89.42, -,9.393232
9.25,3706.499,855.40,276.1429,89.42, -,9.393232
9.30,3722.158,854.90,279.2381,89.42, -,9.393232
9.35,3731.559,854.60,273.381,89.42, -,9.393232
9.40,3744.094,854.20,270.5238,89.42, -,9.393232
9.45,3756.636,853.80,267.6667,89.42, -,9.393232
9.50,3769.181,853.40,267.7619,89.42, -,9.373784
9.55,3778.595,853.10,261.9048,89.42, -,9.373784
9.60,3791.148,852.70,262,89.42, -,9.373784
9.65,3800.567,852.40,253.1429,89.42, -,9.373784
9.70,3813.13,852.00,253.2381,89.42, -,9.373784
9.75,3825.698,851.60,250.3333,89.42, -,9.373784
9.80,3835.127,851.30,247.4762,89.42, -,9.373784
9.85,3844.558,851.00,241.619,89.42, -,9.373784
9.90,3857.138,850.60,241.7143,89.42, -,9.373784
9.95,3866.575,850.30,235.8571,89.42, -,9.373784
10.00,3879.162,849.90,235.9524,89.42, -,9.373784
10.05,3888.607,849.60,233.0476,89.42, -,9.373784
10.10,3898.053,849.30,230.1429,89.42, -,9.373784
10.15,3907.502,849.00,227.2381,89.42, -,9.373784
10.20,3920.106,848.60,227.3333,89.42, -,9.373784
10.25,3926.408,848.40,218.4286,89.42, -,9.373784
10.30,3939.02,848.00,221.4762,89.42, -,9.373784
10.35,3948.48,847.70,215.5714,89.42, -,9.373784
10.40,3957.944,847.40,215.619,89.42, -,9.373784
10.45,3967.412,847.10,212.6667,89.42, -,9.373784
10.50,3976.881,846.80,209.7143,89.42, -,9.373784
10.55,3986.352,846.50,206.7619,89.42, -,9.393232
10.60,3998.987,846.10,209.8571,89.42, -,9.393232
10.65,4008.465,845.80,206.9524,89.42, -,9.393232
10.70,4017.945,845.50,207.0476,89.42, -,9.393232
10.75,4024.268,845.30,201.0952,89.42, -,9.393232
10.80,4036.915,844.90,201.1905,89.42, -,9.393232
10.85,4046.405,844.60,201.2381,89.42, -,9.393232
10.90,4052.731,844.40,198.2857,89.42, -,9.393232
10.95,4062.227,844.10,195.3333,89.42, -,9.393232
11.00,4071.723,843.80,195.381,89.42, -,9.393232
11.05,4078.056,843.60,189.4286,89.42, -,9.393232
11.10,4090.723,843.20,192.4762,89.42, -,9.393232
11.15,4097.06,843.00,189.5238,89.42, -,9.393232
11.20,4109.736,842.60,192.619,89.42, -,9.393232
11.25,4116.075,842.40,186.6667,89.42, -,9.393232
11.30,4125.588,842.10,189.7143,89.42, -,9.393232
11.35,4131.93,841.90,183.7619,89.42, -,9.393232
11.40,4144.62,841.50,186.8571,89.42, -,9.393232
11.45,4150.967,841.30,183.9048,89.42, -,9.393232
11.50,4160.488,841.00,183.9524,89.42, -,9.373784
11.55,4166.838,840.80,181,89.42, -,9.373784
11.60,4176.365,840.50,181.0952,89.42, -,9.373784
11.65,4182.717,840.30,175.0952,89.42, -,9.373784
11.70,4192.249,840.00,175.1429,89.42, -,9.373784
11.75,4198.604,839.80,172.1429,89.42, -,9.373784
11.80,4208.14,839.50,175.2381,89.42, -,9.373784
11.85,4217.678,839.20,172.2857,89.42, -,9.373784
11.90,4224.039,839.00,169.2857,89.42, -,9.373784
11.95,4230.401,838.80,169.2857,89.42, -,9.373784
12.00,4239.946,838.50,169.3333,89.42, -,9.373784
12.05,4246.311,838.30,166.3333,89.42, -,9.373784
12.10,4255.86,838.00,169.381,89.42, -,9.373784
12.15,4262.229,837.80,163.381,89.42, -,9.373784
12.20,4268.599,837.60,163.381,89.42, -,9.373784
12.25,4278.154,837.30,160.381,89.42, -,9.373784
12.30,4284.527,837.10,160.381,89.42, -,9.373784
12.35,4287.713,837.00,154.381,89.42, -,9.373784
12.40,4297.274,836.70,157.4286,89.42, -,9.373784
12.45,4303.65,836.50,151.4286,89.42, -,9.373784
12.50,4310.028,836.30,151.4762,89.42, -,9.373784
12.55,4319.596,836.00,151.5238,89.42, -,9.373784
12.60,4322.785,835.90,148.5238,89.42, -,9.373784
12.65,4329.166,835.70,145.5238,89.42, -,9.373784
12.70,4335.549,835.50,145.5714,89.42, -,9.373784
12.75,4345.124,835.20,145.619,89.42, -,9.373784
12.80,4351.51,835.00,145.6667,89.42, -,9.373784
12.85,4354.702,834.90,139.619,89.42, -,9.373784
12.90,4361.089,834.70,136.619,89.42, -,9.373784
12.95,4367.478,834.50,136.6667,89.42, -,9.373784
13.00,4373.868,834.30,136.7143,89.42, -,9.373784
13.05,4380.259,834.10,133.7143,89.42, -,9.373784
13.10,4386.65,833.90,133.7619,89.42, -,9.373784
13.15,4393.043,833.70,130.7619,89.42, -,9.373784
13.20,4396.242,833.60,127.7619,89.42, -,9.373784
13.25,4402.635,833.40,127.8095,89.42, -,9.373784
13.30,4409.032,833.20,124.8095,89.42, -,9.373784
13.35,4412.232,833.10,121.8095,89.42, -,9.373784
13.40,4418.629,832.90,124.8571,89.42, -,9.373784
13.45,4425.029,832.70,121.8571,89.42, -,9.373784
13.50,4431.43,832.50,121.8571,89.42, -,9.393232
13.55,4434.63,832.40,118.8095,89.42, -,9.393232
13.60,4437.833,832.30,112.7619,89.42, -,9.393232
13.65,4444.236,832.10,115.8095,89.42, -,9.393232
13.70,4450.639,831.90,115.8095,89.42, -,9.393232
13.75,4453.843,831.80,112.7619,89.42, -,9.393232
13.80,4457.045,831.70,106.6667,89.42, -,9.393232
13.85,4463.453,831.50,106.6667,89.42, -,9.393232
13.90,4466.656,831.40,106.6667,89.42, -,9.393232
13.95,4469.861,831.30,103.619,89.42, -,9.393232
14.00,4476.271,831.10,103.619,89.42, -,9.393232
14.05,4479.476,831.00,100.5714,89.42, -,9.393232
14.10,4485.887,830.80,100.5714,89.42, -,9.393232
14.15,4489.093,830.70,97.52381,89.42, -,9.393232
14.20,4492.3,830.60,94.47619,89.42, -,9.393232
14.25,4495.506,830.50,94.47619,89.42, -,9.393232
14.30,4501.921,830.30,94.47619,89.42, -,9.393232
14.35,4505.128,830.20,91.42857,89.42, -,9.393232
14.40,4508.337,830.10,91.42857,89.42, -,9.393232
14.45,4511.545,830.00,88.38095,89.42, -,9.393232
14.50,4517.963,829.80,88.38095,89.42, -,9.393232
14.55,4521.171,829.70,85.33334,89.42, -,9.373784
14.60,4524.382,829.60,85.33334,89.42, -,9.373784
14.65,4530.801,829.40,88.38095,89.42, -,9.373784
14.70,4534.013,829.30,85.33334,89.42, -,9.373784
14.75,4537.223,829.20,82.28571,89.42, -,9.373784
14.80,4540.435,829.10,82.28571,89.42, -,9.373784
14.85,4543.646,829.00,82.28571,89.42, -,9.373784
14.90,4546.856,828.90,79.2381,89.42, -,9.373784
14.95,4550.07,828.80,79.2381,89.42, -,9.373784
15.00,4553.282,828.70,79.2381,89.42, -,9.373784
15.05,4556.496,828.60,76.19048,89.42, -,9.373784
15.10,4562.92,828.40,79.2381,89.42, -,9.373784
15.15,4562.92,828.40,73.14286,89.42, -,9.373784
15.20,4569.348,828.20,76.2381,89.42, -,9.373784
15.25,4569.348,828.20,73.19048,89.42, -,9.373784
15.30,4575.778,828.00,76.28571,89.42, -,9.373784
15.35,4578.992,827.90,73.2381,89.42, -,9.373784
15.40,4582.208,827.80,73.2381,89.42, -,9.373784
15.45,4585.423,827.70,73.2381,89.42, -,9.373784
15.50,4588.64,827.60,73.2381,89.6, -,9.393232
15.55,4591.855,827.50,70.19048,89.6, -,9.393232
15.60,4598.289,827.30,73.28571,89.6, -,9.393232
15.65,4598.289,827.30,70.2381,89.6, -,9.393232
15.70,4604.724,827.10,70.28571,89.6, -,9.393232
15.75,4607.941,827.00,70.28571,89.6, -,9.393232
15.80,4611.158,826.90,70.28571,89.6, -,9.393232
15.85,4614.378,826.80,70.28571,89.6, -,9.393232
15.90,4617.596,826.70,70.28571,89.6, -,9.393232
15.95,4620.816,826.60,70.28571,89.6, -,9.393232
16.00,4624.035,826.50,70.28571,89.6, -,9.393232
16.05,4627.253,826.40,70.28571,89.6, -,9.393232
16.10,4630.475,826.30,70.28571,89.6, -,9.393232
16.15,4633.694,826.20,67.2381,89.6, -,9.393232
16.20,4636.916,826.10,70.28571,89.6, -,9.393232
16.25,4640.136,826.00,67.19048,89.6, -,9.393232
16.30,4643.356,825.90,70.2381,89.6, -,9.393232
16.35,4643.356,825.90,64.09524,89.6, -,9.393232
16.40,4649.8,825.70,67.19048,89.6, -,9.393232
16.45,4653.024,825.60,67.19048,89.6, -,9.393232
16.50,4653.024,825.60,64.14286,89.6, -,9.393232
16.55,4656.246,825.50,64.14286,89.6, -,9.354337
16.60,4659.467,825.40,64.14286,89.6, -,9.354337
16.65,4659.467,825.40,58,89.6, -,9.354337
16.70,4662.692,825.30,61.04762,89.6, -,9.354337
16.75,4662.692,825.30,54.90476,89.6, -,9.354337
16.80,4665.915,825.20,54.90476,89.6, -,9.354337
16.85,4665.915,825.20,51.85714,89.6, -,9.354337
16.90,4665.915,825.20,48.80952,89.6, -,9.354337
16.95,4665.915,825.20,45.76191,89.6, -,9.354337
17.00,4669.14,825.10,45.80952,89.6, -,9.354337
17.05,4669.14,825.10,42.76191,89.6, -,9.354337
17.10,4669.14,825.10,39.71429,89.6, -,9.354337
17.15,4669.14,825.10,36.66667,89.6, -,9.354337
17.20,4669.14,825.10,33.61905,89.6, -,9.354337
17.25,4665.915,825.20,27.47619,89.6, -,9.354337
17.30,4665.915,825.20,24.42857,89.6, -,9.354337
17.35,4665.915,825.20,21.38095,89.6, -,9.354337
17.40,4662.692,825.30,18.33333,89.6, -,9.354337
17.45,4662.692,825.30,12.19048,89.6, -,9.354337
17.50,4659.467,825.40,6.095238,89.42, -,9.393232
17.55,4659.467,825.40,6.095238,89.42, -,9.393232
17.60,4656.246,825.50,0,89.42, -,9.393232
17.65,4653.024,825.60,-6.095238,89.42, -,9.393232
17.70,4649.8,825.70,-9.142858,89.42, -,9.393232
17.75,4649.8,825.70,-12.19048,89.42, -,9.393232
17.80,4646.579,825.80,-15.2381,89.42, -,9.393232
17.85,4653.024,825.60,-12.14286,89.42, -,9.393232
17.90,4649.8,825.70,-15.19048,89.42, -,9.393232
17.95,4646.579,825.80,-18.23809,89.42, -,9.393232
18.00,4643.356,825.90,-21.28572,89.42, -,9.393232
18.05,4640.136,826.00,-27.42857,89.42, -,9.393232
18.10,4633.694,826.20,-33.57143,89.42, -,9.393232
18.15,4633.694,826.20,-33.57143,89.42, -,9.393232
18.20,4627.253,826.40,-39.71429,89.42, -,9.393232
18.25,4624.035,826.50,-42.76191,89.42, -,9.393232
18.30,4617.596,826.70,-45.80952,89.42, -,9.393232
18.35,4614.378,826.80,-48.85714,89.42, -,9.393232
18.40,4617.596,826.70,-45.80952,89.42, -,9.393232
18.45,4627.253,826.40,-33.57143,89.42, -,9.393232
18.50,4636.916,826.10,-24.38095,89.42, -,9.393232
18.55,4640.136,826.00,-18.28572,89.42, -,9.393232
18.60,4643.356,825.90,-15.2381,89.42, -,9.393232
18.65,4640.136,826.00,-15.2381,89.42, -,9.393232
18.70,4630.475,826.30,-21.38095,89.42, Drogue,9.393232
18.75,4630.475,826.30,-18.33333,89.42, -,9.393232
18.80,4620.816,826.60,-27.52381,89.42, -,9.393232
18.85,4588.64,827.60,-55.14286,89.42, -,9.393232
18.90,4566.135,828.30,-82.71429,89.42, -,9.393232
18.95,4553.282,828.70,-91.90476,89.42, -,9.393232
19.00,4553.282,828.70,-88.85714,89.42, -,9.393232
19.05,4543.646,829.00,-95,89.42, -,9.393232
19.10,4540.435,829.10,-95,89.42, -,9.393232
19.15,4540.435,829.10,-88.85714,89.42, -,9.393232
19.20,4543.646,829.00,-85.80952,89.42, -,9.393232
19.25,4540.435,829.10,-82.71429,89.42, -,9.393232
19.30,4537.223,829.20,-82.71429,89.42, -,9.393232
19.35,4537.223,829.20,-76.57143,89.42, -,9.393232
19.40,4537.223,829.20,-73.52381,89.42, -,9.393232
19.45,4537.223,829.20,-76.57143,89.42, -,9.393232
19.50,4534.013,829.30,-88.80952,89.42, -,9.373784
19.55,4540.435,829.10,-91.90476,89.42, -,9.373784
19.60,4543.646,829.00,-91.90476,89.42, -,9.373784
19.65,4546.856,828.90,-91.90476,89.42, -,9.373784
19.70,4553.282,828.70,-82.71429,89.42, -,9.373784
19.75,4578.992,827.90,-49.04762,89.42, -,9.373784
19.80,4569.348,828.20,-58.23809,89.42, -,9.373784
19.85,4534.013,829.30,-82.71429,89.42, -,9.373784
19.90,4489.093,830.70,-94.80952,89.42, -,9.373784
19.95,4473.065,831.20,-88.66666,89.42, -,9.373784
20.00,4476.271,831.10,-73.38095,89.42, -,9.373784
20.05,4498.712,830.40,-52,89.42, -,9.373784
20.10,4482.68,830.90,-58.09524,89.42, -,9.373784
20.15,4473.065,831.20,-64.19048,89.42, -,9.373784
20.20,4463.453,831.50,-73.33334,89.42, -,9.373784
20.25,4453.843,831.80,-85.52381,89.42, -,9.373784
20.30,4437.833,832.30,-97.71429,89.42, -,9.373784
20.35,4421.83,832.80,-109.9048,89.42, -,9.373784
20.40,4412.232,833.10,-119.0476,89.42, -,9.373784
20.45,4412.232,833.10,-119.0476,89.42, -,9.373784
20.50,4409.032,833.20,-122.0952,89.42, -,9.373784
20.55,4409.032,833.20,-119.0476,89.24, -,9.373784
20.60,4412.232,833.10,-122.0952,89.24, -,9.373784
20.65,4421.83,832.80,-116,89.24, -,9.373784
20.70,4425.029,832.70,-116,89.24, -,9.373784
20.75,4425.029,832.70,-122.1429,89.24, -,9.373784
20.80,4431.43,832.50,-140.5238,89.24, -,9.373784
20.85,4418.629,832.90,-143.5238,89.24, -,9.373784
20.90,4399.438,833.50,-128.1429,89.24, -,9.373784
20.95,4383.455,834.00,-100.619,89.24, -,9.373784
21.00,4370.672,834.40,-97.52381,89.24, -,9.373784
21.05,4367.478,834.50,-103.619,89.24, -,9.373784
21.10,4364.285,834.60,-128.0476,89.24, -,9.373784
21.15,4361.089,834.70,-115.8095,89.24, -,9.373784
21.20,4361.089,834.70,-106.6667,89.24, -,9.373784
21.25,4361.089,834.70,-97.52381,89.24, -,9.373784
21.30,4357.896,834.80,-91.42857,89.24, -,9.373784
21.35,4357.896,834.80,-76.19048,89.24, -,9.373784
21.40,4357.896,834.80,-60.95238,89.24, -,9.373784
21.45,4351.51,835.00,-57.90476,89.24, -,9.373784
21.50,4348.317,835.10,-60.95238,89.24, -,9.373784
21.55,4345.124,835.20,-60.95238,89.24, -,9.373784
21.60,4341.933,835.30,-64,89.24, -,9.373784
21.65,4338.74,835.40,-70.09524,89.24, -,9.373784
21.70,4335.549,835.50,-82.28571,89.24, -,9.373784
21.75,4332.358,835.60,-88.38095,89.24, -,9.373784
21.80,4329.166,835.70,-91.42857,89.24, -,9.373784
21.85,4329.166,835.70,-97.52381,89.24, -,9.373784
21.90,4325.977,835.80,-88.38095,89.24, -,9.373784
21.95,4322.785,835.90,-73.14286,89.24, -,9.373784
22.00,4319.596,836.00,-60.95238,89.24, -,9.373784
22.05,4322.785,835.90,-45.71429,89.24, -,9.373784
22.10,4329.166,835.70,-36.57143,89.24, -,9.373784
22.15,4335.549,835.50,-27.42857,89.24, -,9.373784
22.20,4332.358,835.60,-27.42857,89.24, -,9.373784
22.25,4319.596,836.00,-39.57143,89.24, -,9.373784
22.30,4310.028,836.30,-48.66667,89.24, -,9.373784
22.35,4300.463,836.60,-54.71429,89.24, -,9.373784
22.40,4297.274,836.70,-57.76191,89.24, -,9.373784
22.45,4303.65,836.50,-51.66667,89.24, -,9.373784
22.50,4313.216,836.20,-36.47619,89.24, -,9.373784
22.55,4322.785,835.90,-24.33333,89.24, -,9.393232
22.60,4335.549,835.50,-9.142858,89.24, -,9.393232
22.65,4351.51,835.00,9.095238,89.24, -,9.393232
22.70,4364.285,834.60,24.28572,89.24, -,9.393232
22.75,4354.702,834.90,18.19048,89.24, -,9.393232
22.80,4338.74,835.40,6.047619,89.24, -,9.393232
22.85,4325.977,835.80,-3.047619,89.24, -,9.393232
22.90,4310.028,836.30,-18.23809,89.24, -,9.393232
22.95,4294.087,836.80,-30.38095,89.24, -,9.393232
23.00,4284.527,837.10,-36.42857,89.24, -,9.393232
23.05,4271.783,837.50,-45.52381,89.24, -,9.393232
23.10,4262.229,837.80,-57.66667,89.24, -,9.393232
23.15,4249.493,838.20,-75.90476,89.24, -,9.393232
23.20,4239.946,838.50,-91.09524,89.24, -,9.393232
23.25,4230.401,838.80,-97.14286,89.24, -,9.393232
23.30,4230.401,838.80,-85,89.24, -,9.393232
23.35,4220.859,839.10,-85,89.24, -,9.393232
23.40,4214.499,839.30,-81.95238,89.24, -,9.393232
23.45,4211.318,839.40,-81.95238,89.24, -,9.393232
23.50,4201.782,839.70,-97.14286,89.24, -,9.393232
23.55,4192.249,840.00,-115.3333,89.24, -,9.393232
23.60,4185.894,840.20,-130.4762,89.24, -,9.393232
23.65,4182.717,840.30,-145.6667,89.24, -,9.393232
23.70,4176.365,840.50,-166.9048,89.24, -,9.393232
23.75,4173.189,840.60,-182.0952,89.24, -,9.393232
23.80,4170.013,840.70,-176,89.24, -,9.393232
23.85,4173.189,840.60,-157.7619,89.24, -,9.393232
23.90,4166.838,840.80,-151.6667,89.24, -,9.393232
23.95,4160.488,841.00,-142.5238,89.24, -,9.393232
24.00,4157.315,841.10,-130.3333,89.24, -,9.393232
24.05,4163.662,840.90,-115.1905,89.24, -,9.393232
24.10,4170.013,840.70,-97,89.24, -,9.393232
24.15,4163.662,840.90,-93.95238,89.24, -,9.393232
24.20,4160.488,841.00,-84.80952,89.24, -,9.393232
24.25,4160.488,841.00,-75.71429,89.24, -,9.393232
24.30,4157.315,841.10,-69.61905,89.24, -,9.393232
24.35,4150.967,841.30,-75.66666,89.24, -,9.393232
24.40,4141.448,841.60,-75.61905,89.24, -,9.393232
24.45,4135.103,841.80,-75.61905,89.24, -,9.393232
24.50,4122.416,842.20,-84.66666,89.24, -,9.393232
24.55,4119.246,842.30,-78.57143,89.24, -,9.393232
24.60,4112.905,842.50,-75.52381,89.24, -,9.393232
24.65,4109.736,842.60,-72.47619,89.24, -,9.393232
24.70,4116.075,842.40,-63.38095,89.24, -,9.393232
24.75,4116.075,842.40,-57.33333,89.24, -,9.393232
24.80,4125.588,842.10,-45.23809,89.24, -,9.393232
24.85,4131.93,841.90,-36.14286,89.24, -,9.393232
24.90,4135.103,841.80,-36.19048,89.24, -,9.393232
24.95,4135.103,841.80,-30.14286,89.24, -,9.393232
25.00,4135.103,841.80,-24.09524,89.24, -,9.393232
25.05,4128.759,842.00,-27.14286,89.24, -,9.393232
25.10,4116.075,842.40,-45.28571,89.24, -,9.393232
25.15,4109.736,842.60,-57.38095,89.24, -,9.393232
25.20,4109.736,842.60,-51.33333,89.24, -,9.393232
25.25,4109.736,842.60,-48.33333,89.24, -,9.393232
25.30,4109.736,842.60,-48.33333,89.24, -,9.393232
25.35,4109.736,842.60,-45.33333,89.24, -,9.393232
25.40,4112.905,842.50,-36.28571,89.24, -,9.393232
25.45,4119.246,842.30,-21.19048,89.24, -,9.393232
25.50,4125.588,842.10,-9.095238,89.24, -,9.373784
25.55,4125.588,842.10,3,89.24, -,9.373784
25.60,4119.246,842.30,-0.04761905,89.24, -,9.373784
25.65,4116.075,842.40,3,89.24, -,9.373784
25.70,4119.246,842.30,9,89.24, -,9.373784
25.75,4112.905,842.50,-3.095238,89.24, -,9.373784
25.80,4103.397,842.80,-12.14286,89.24, -,9.373784
25.85,4100.228,842.90,-24.19048,89.24, -,9.373784
25.90,4097.06,843.00,-33.23809,89.24, -,9.373784
25.95,4087.556,843.30,-45.28571,89.24, -,9.373784
26.00,4084.388,843.40,-48.28571,89.24, -,9.373784
26.05,4081.222,843.50,-51.28571,89.24, -,9.373784
26.10,4078.056,843.60,-48.23809,89.24, -,9.373784
26.15,4078.056,843.60,-36.14286,89.24, -,9.373784
26.20,4081.222,843.50,-27.09524,89.24, -,9.373784
26.25,4074.888,843.70,-33.14286,89.24, -,9.373784
26.30,4068.556,843.90,-39.19048,89.24, -,9.373784
26.35,4065.391,844.00,-42.19048,89.24, -,9.373784
26.40,4052.731,844.40,-54.23809,89.24, -,9.373784
26.45,4040.079,844.80,-69.28571,89.24, -,9.373784
26.50,4027.428,845.20,-87.38095,89.24, -,9.373784
26.55,4017.945,845.50,-102.4762,89.24, -,9.373784
26.60,4008.465,845.80,-111.5238,89.24, -,9.373784
26.65,3998.987,846.10,-114.5238,89.24, -,9.373784
26.70,3986.352,846.50,-123.5714,89.24, -,9.373784
26.75,3976.881,846.80,-135.5714,89.24, -,9.373784
26.80,3970.567,847.00,-135.5238,89.24, -,9.373784
26.85,3964.255,847.20,-132.4762,89.24, -,9.373784
26.90,3954.79,847.50,-138.4762,89.24, -,9.373784
26.95,3948.48,847.70,-141.4762,89.24, -,9.373784
27.00,3939.02,848.00,-141.4286,89.24, -,9.373784
27.05,3929.562,848.30,-147.4286,89.24, -,9.373784
27.10,3929.562,848.30,-144.4286,89.24, -,9.373784
27.15,3929.562,848.30,-141.4286,89.24, -,9.373784
27.20,3920.106,848.60,-150.4286,89.24, -,9.373784
27.25,3913.804,848.80,-159.4286,89.24, -,9.373784
27.30,3904.353,849.10,-162.381,89.24, -,9.373784
27.35,3901.202,849.20,-159.3333,89.24, -,9.373784
27.40,3894.903,849.40,-162.3333,89.24, -,9.373784
27.45,3891.755,849.50,-153.2857,89.24, -,9.373784
27.50,3882.311,849.80,-150.2381,89.06, -,9.373784
27.55,3876.015,850.00,-144.1905,89.06, -,9.373784
27.60,3872.869,850.10,-138.1429,89.06, -,9.373784
27.65,3866.575,850.30,-135.0952,89.06, -,9.373784
27.70,3860.282,850.50,-132.0476,89.06, -,9.373784
27.75,3857.138,850.60,-123,89.06, -,9.373784
27.80,3850.847,850.80,-120,89.06, -,9.373784
27.85,3841.414,851.10,-123,89.06, -,9.373784
27.90,3835.127,851.30,-123,89.06, -,9.373784
27.95,3831.982,851.40,-117,89.06, -,9.373784
28.00,3825.698,851.60,-117,89.06, -,9.373784
28.05,3822.555,851.70,-111,89.06, -,9.373784
28.10,3816.271,851.90,-108,89.06, -,9.373784
28.15,3813.13,852.00,-111,89.06, -,9.373784
28.20,3809.99,852.10,-114,89.06, -,9.373784
28.25,3806.848,852.20,-108,89.06, -,9.373784
28.30,3806.848,852.20,-102,89.06, -,9.373784
28.35,3809.99,852.10,-90,89.06, -,9.373784
28.40,3809.99,852.10,-87,89.06, -,9.373784
28.45,3806.848,852.20,-84,89.06, -,9.373784
28.50,3806.848,852.20,-81,89.06, -,9.373784
28.55,3803.708,852.30,-75,89.06, -,9.393232
28.60,3800.567,852.40,-72,89.06, -,9.393232
28.65,3800.567,852.40,-69,89.06, -,9.393232
28.70,3797.428,852.50,-66,89.06, -,9.393232
28.75,3788.01,852.80,-68.95238,89.06, -,9.393232
28.80,3784.87,852.90,-68.95238,89.06, -,9.393232
28.85,3775.456,853.20,-71.90476,89.06, -,9.393232
28.90,3762.909,853.60,-74.85714,89.06, -,9.393232
28.95,3756.636,853.80,-74.80952,89.06, -,9.393232
29.00,3747.23,854.10,-80.7619,89.06, -,9.393232
29.05,3740.961,854.30,-80.71429,89.06, -,9.393232
29.10,3737.825,854.40,-80.71429,89.06, -,9.393232
29.15,3731.559,854.60,-80.66666,89.06, -,9.393232
29.20,3731.559,854.60,-77.66666,89.06, -,9.393232
29.25,3731.559,854.60,-74.66666,89.06, -,9.393232
29.30,3728.425,854.70,-74.66666,89.06, -,9.393232
29.35,3725.292,854.80,-77.66666,89.06, -,9.393232
29.40,3731.559,854.60,-74.71429,89.06, -,9.393232
29.45,3731.559,854.60,-74.71429,89.06, -,9.393232
29.50,3725.292,854.80,-77.66666,88.88, -,9.393232
29.55,3725.292,854.80,-77.66666,88.88, -,9.393232
29.60,3722.158,854.90,-77.66666,88.88, -,9.393232
29.65,3712.762,855.20,-83.61905,88.88, -,9.393232
29.70,3703.369,855.50,-92.57143,88.88, -,9.393232
29.75,3697.107,855.70,-95.52381,88.88, -,9.393232
29.80,3681.46,856.20,-101.4762,88.88, -,9.393232
29.85,3665.82,856.70,-113.381,88.88, -,9.393232
29.90,3653.314,857.10,-116.3333,88.88, -,9.393232
29.95,3640.811,857.50,-116.2857,88.88, -,9.393232
30.00,3631.438,857.80,-119.2381,88.88, -,9.393232
30.05,3625.19,858.00,-116.2381,88.88, -,9.393232
30.10,3615.822,858.30,-119.1905,88.88, -,9.393232
30.15,3609.576,858.50,-122.1429,88.88, -,9.393232
30.20,3606.456,858.60,-119.1429,88.88, -,9.393232
30.25,3609.576,858.50,-116.1905,88.88, -,9.393232
30.30,3609.576,858.50,-116.1905,88.88, -,9.393232
30.35,3606.456,858.60,-116.1429,88.88, -,9.393232
30.40,3606.456,858.60,-113.1429,88.88, -,9.393232
30.45,3600.212,858.80,-125.0476,88.88, -,9.393232
30.50,3606.456,858.60,-119.0952,88.88, -,9.393232
30.55,3612.698,858.40,-107.1905,88.88, -,9.393232
30.60,3609.576,858.50,-110.1429,88.88, -,9.393232
30.65,3590.851,859.10,-125,88.88, -,9.393232
30.70,3569.016,859.80,-136.8571,88.88, -,9.393232
30.75,3556.545,860.20,-139.7619,88.88, -,9.393232
30.80,3550.311,860.40,-139.7619,88.88, -,9.393232
30.85,3544.081,860.60,-130.8095,88.88, -,9.393232
30.90,3537.849,860.80,-121.8571,88.88, -,9.393232
30.95,3534.733,860.90,-112.9048,88.88, -,9.393232
31.00,3534.733,860.90,-101,88.88, -,9.393232
31.05,3528.505,861.10,-98.04762,88.88, -,9.393232
31.10,3522.277,861.30,-98.04762,88.88, -,9.393232
31.15,3516.049,861.50,-95.09524,88.88, -,9.393232
31.20,3509.823,861.70,-95.09524,88.88, -,9.393232
31.25,3506.711,861.80,-95.09524,88.88, -,9.393232
31.30,3506.711,861.80,-98.04762,88.88, -,9.393232
31.35,3500.487,862.00,-103.9524,88.88, -,9.393232
31.40,3497.376,862.10,-103.9524,88.88, -,9.393232
31.45,3503.598,861.90,-98.04762,88.88, -,9.393232
31.50,3522.277,861.30,-74.28571,88.88, -,9.393232
31.55,3528.505,861.10,-74.28571,88.88, -,9.393232
31.60,3509.823,861.70,-98.04762,88.88, -,9.393232
31.65,3500.487,862.00,-104,88.88, -,9.393232
31.70,3488.042,862.40,-98,88.88, -,9.393232
31.75,3488.042,862.40,-77.19048,88.88, -,9.393232
31.80,3512.937,861.60,-41.61905,88.88, -,9.393232
31.85,3537.849,860.80,-11.95238,88.88, -,9.393232
31.90,3547.196,860.50,2.904762,88.88, -,9.393232
31.95,3528.505,861.10,-8.952381,88.88, -,9.393232
32.00,3506.711,861.80,-26.76191,88.88, -,9.393232
32.05,3481.823,862.60,-50.47619,88.88, -,9.393232
32.10,3460.06,863.30,-65.2381,88.88, -,9.393232
32.15,3447.63,863.70,-71.14286,88.88, -,9.393232
32.20,3432.1,864.20,-80,88.88, -,9.393232
32.25,3422.785,864.50,-82.90476,88.88, -,9.393232
32.30,3419.682,864.60,-82.90476,88.88, -,9.393232
32.35,3419.682,864.60,-82.90476,88.88, -,9.393232
32.40,3410.369,864.90,-85.85714,88.88, -,9.393232
32.45,3407.267,865.00,-85.85714,88.88, -,9.393232
32.50,3391.756,865.50,-106.5238,88.88, -,9.393232
32.55,3379.351,865.90,-136.1429,88.7, -,9.393232
32.60,3370.052,866.20,-150.9524,88.7, -,9.393232
32.65,3363.853,866.40,-139.0476,88.7, -,9.393232
32.70,3357.657,866.60,-136.0476,88.7, -,9.393232
32.75,3351.461,866.80,-130.0952,88.7, -,9.393232
32.80,3345.266,867.00,-136,88.7, -,9.393232
32.85,3339.072,867.20,-165.619,88.7, -,9.393232
32.90,3335.976,867.30,-192.2857,88.7, -,9.393232
32.95,3329.783,867.50,-207.0952,88.7, -,9.393232
33.00,3329.783,867.50,-189.2857,88.7, -,9.393232
33.05,3323.592,867.70,-174.4286,88.7, -,9.393232
33.10,3320.498,867.80,-153.6667,88.7, -,9.393232
33.15,3320.498,867.80,-132.9524,88.7, -,9.393232
33.20,3317.402,867.90,-124.0476,88.7, -,9.393232
33.25,3314.308,868.00,-112.1905,88.7, -,9.393232
33.30,3311.215,868.10,-106.2857,88.7, -,9.393232
33.35,3308.12,868.20,-106.2857,88.7, -,9.393232
33.40,3301.933,868.40,-112.1905,88.7, -,9.393232
33.45,3298.841,868.50,-106.2857,88.7, -,9.393232
33.50,3295.749,868.60,-106.2857,88.7, -,9.393232
33.55,3295.749,868.60,-91.52381,88.7, -,9.393232
33.60,3305.027,868.30,-70.85714,88.7, -,9.393232
33.65,3305.027,868.30,-62,88.7, -,9.393232
33.70,3301.933,868.40,-59.04762,88.7, -,9.393232
33.75,3292.655,868.70,-62,88.7, -,9.393232
33.80,3271.016,869.40,-76.71429,88.7, -,9.393232
33.85,3252.48,870.00,-88.47619,88.7, -,9.393232
33.90,3246.303,870.20,-88.47619,88.7, -,9.393232
33.95,3243.216,870.30,-88.47619,88.7, -,9.393232
34.00,3246.303,870.20,-79.61905,88.7, -,9.393232
34.05,3243.216,870.30,-82.57143,88.7, -,9.393232
34.10,3246.303,870.20,-73.71429,88.7, -,9.393232
34.15,3249.393,870.10,-67.80952,88.7, -,9.393232
34.20,3252.48,870.00,-64.85714,88.7, -,9.393232
34.25,3255.568,869.90,-58.95238,88.7, -,9.393232
34.30,3258.658,869.80,-53.04762,88.7, -,9.393232
34.35,3258.658,869.80,-50.09524,88.7, -,9.393232
34.40,3258.658,869.80,-47.14286,88.7, -,9.393232
34.45,3252.48,870.00,-47.14286,88.7, -,9.393232
34.50,3249.393,870.10,-47.14286,88.7, -,9.393232
34.55,3240.128,870.40,-53,88.7, -,9.393232
34.60,3230.867,870.70,-61.80952,88.7, -,9.393232
34.65,3221.609,871.00,-79.47619,88.7, -,9.393232
34.70,3221.609,871.00,-79.47619,88.7, -,9.393232
34.75,3224.694,870.90,-73.57143,88.7, -,9.393232
34.80,3212.354,871.30,-76.47619,88.7, -,9.393232
34.85,3203.101,871.60,-64.66666,88.7, -,9.393232
34.90,3196.934,871.80,-52.85714,88.7, -,9.393232
34.95,3193.849,871.90,-49.90476,88.7, -,9.393232
35.00,3187.685,872.10,-52.80952,88.7, -,9.393232
35.05,3178.438,872.40,-64.57143,88.7, -,9.393232
35.10,3172.276,872.60,-67.47619,88.7, -,9.393232
35.15,3163.033,872.90,-79.2381,88.7, -,9.393232
35.20,3150.716,873.30,-93.90476,88.7, -,9.393232
35.25,3141.48,873.60,-105.6667,88.7, -,9.393232
35.30,3132.245,873.90,-117.4286,88.7, -,9.393232
35.35,3123.015,874.20,-129.1905,88.7, -,9.393232
35.40,3116.862,874.40,-135.0476,88.7, -,9.393232
35.45,3110.712,874.60,-140.9048,88.7, -,9.393232
35.50,3101.486,874.90,-143.8095,88.7, -,9.393232
35.55,3095.339,875.10,-146.7143,88.7, -,9.393232
35.60,3089.191,875.30,-143.7619,88.7, -,9.393232
35.65,3083.045,875.50,-140.8095,88.7, -,9.393232
35.70,3073.828,875.80,-140.7619,88.7, -,9.393232
35.75,3073.828,875.80,-140.7619,88.7, -,9.393232
35.80,3070.755,875.90,-146.619,88.7, -,9.393232
35.85,3064.614,876.10,-140.7143,88.7, -,9.393232
35.90,3055.4,876.40,-140.6667,88.7, -,9.393232
35.95,3043.123,876.80,-146.5238,88.7, -,9.393232
36.00,3027.781,877.30,-158.1905,88.7, -,9.393232
36.05,3021.645,877.50,-158.1905,88.7, -,9.393232
36.10,3015.511,877.70,-155.2381,88.7, -,9.393232
36.15,3015.511,877.70,-149.381,88.7, -,9.393232
36.20,3015.511,877.70,-140.5714,88.7, -,9.393232
36.25,3009.378,877.90,-134.7143,88.7, -,9.393232
36.30,3003.248,878.10,-131.7619,88.7, -,9.393232
36.35,2994.052,878.40,-131.7143,88.7, -,9.393232
36.40,2984.86,878.70,-131.6667,88.7, -,9.393232
36.45,2975.67,879.00,-134.5714,88.7, -,9.393232
36.50,2969.544,879.20,-134.5714,88.7, -,9.393232
36.55,2963.42,879.40,-131.5714,88.7, -,9.373784
36.60,2957.299,879.60,-131.5238,88.7, -,9.373784
36.65,2957.299,879.60,-125.6667,88.7, -,9.373784
36.70,2957.299,879.60,-119.8095,88.7, -,9.373784
36.75,2954.236,879.70,-113.9524,88.7, -,9.373784
36.80,2951.176,879.80,-116.8571,88.7, -,9.373784
36.85,2948.115,879.90,-116.8571,88.7, -,9.373784
36.90,2941.996,880.10,-116.8095,88.7, -,9.373784
36.95,2938.935,880.20,-110.9524,88.7, -,9.373784
37.00,2945.055,880.00,-93.42857,88.7, -,9.373784
37.05,2941.996,880.10,-81.71429,88.7, -,9.373784
37.10,2935.877,880.30,-81.66666,88.7, -,9.373784
37.15,2929.759,880.50,-81.61905,88.7, -,9.373784
37.20,2917.525,880.90,-93.28571,88.7, -,9.373784
37.25,2902.241,881.40,-107.8571,88.7, -,9.373784
37.30,2890.02,881.80,-113.619,88.7, -,9.373784
37.35,2880.856,882.10,-116.4762,88.7, -,9.373784
37.40,2871.694,882.40,-116.4286,88.7, -,9.373784
37.45,2871.694,882.40,-107.6667,88.7, -,9.373784
37.50,2868.641,882.50,-101.8095,88.7, -,9.393232
37.55,2868.641,882.50,-95.95238,88.7, -,9.393232
37.60,2868.641,882.50,-90.14286,88.7, -,9.393232
37.65,2865.589,882.60,-87.2381,88.7, -,9.393232
37.70,2859.484,882.80,-93.04762,88.7, -,9.393232
37.75,2853.379,883.00,-98.85714,88.7, -,9.393232
37.80,2844.226,883.30,-104.6667,88.7, -,9.393232
37.85,2841.174,883.40,-104.6667,88.7, -,9.393232
37.90,2835.075,883.60,-107.5714,88.7, -,9.393232
37.95,2825.925,883.90,-110.4762,88.7, -,9.393232
38.00,2816.78,884.20,-116.2857,88.7, -,9.393232
38.05,2804.59,884.60,-133.7143,88.7, -,9.393232
38.10,2798.495,884.80,-136.619,88.7, -,9.393232
38.15,2798.495,884.80,-130.8095,88.7, -,9.393232
38.20,2798.495,884.80,-125,88.7, -,9.393232
38.25,2798.495,884.80,-113.3333,88.7, -,9.393232
38.30,2813.732,884.30,-84.2381,88.7, -,9.393232
38.35,2825.925,883.90,-61,88.7, -,9.393232
38.40,2816.78,884.20,-61,88.7, -,9.393232
38.45,2810.683,884.40,-58.09524,88.7, -,9.393232
38.50,2801.542,884.70,-66.80952,88.7, -,9.393232
38.55,2786.31,885.20,-78.42857,88.34, -,9.373784
38.60,2761.956,886.00,-101.619,88.34, -,9.373784
38.65,2746.743,886.50,-116.0952,88.34, -,9.373784
38.70,2737.619,886.80,-121.8571,88.34, -,9.373784
38.75,2728.497,887.10,-124.7143,88.34, -,9.373784
38.80,2728.497,887.10,-118.9048,88.34, -,9.373784
38.85,2728.497,887.10,-110.1905,88.34, -,9.373784
38.90,2728.497,887.10,-107.2857,88.34, -,9.373784
38.95,2731.537,887.00,-98.57143,88.34, -,9.373784
39.00,2731.537,887.00,-89.85714,88.34, -,9.373784
39.05,2725.456,887.20,-86.95238,88.34, -,9.373784
39.10,2716.338,887.50,-84,88.34, -,9.373784
39.15,2704.183,887.90,-89.7619,88.34, -,9.373784
39.20,2692.034,888.30,-101.3333,88.34, -,9.373784
39.25,2679.888,888.70,-112.9048,88.34, -,9.373784
39.30,2670.782,889.00,-121.5714,88.34, -,9.373784
39.35,2667.748,889.10,-139,88.34, -,9.373784
39.40,2661.679,889.30,-156.381,88.34, -,9.373784
39.45,2661.679,889.30,-147.6667,88.34, -,9.373784
39.50,2655.611,889.50,-147.619,88.34, -,9.373784
39.55,2649.544,889.70,-144.6667,88.34, -,9.373784
39.60,2640.446,890.00,-138.8095,88.34, -,9.373784
39.65,2631.351,890.30,-124.2857,88.34, -,9.373784
39.70,2625.289,890.50,-115.5714,88.34, -,9.373784
39.75,2619.227,890.70,-112.6667,88.34, -,9.373784
39.80,2613.167,890.90,-109.7619,88.34, -,9.373784
39.85,2607.109,891.10,-115.5238,88.34, -,9.373784
39.90,2601.051,891.30,-121.2857,88.34, -,9.373784
39.95,2598.021,891.40,-124.1905,88.34, -,9.373784
40.00,2604.079,891.20,-121.3333,88.34, -,9.373784
40.05,2610.138,891.00,-115.5714,88.34, -,9.373784
40.10,2610.138,891.00,-109.7619,88.34, -,9.373784
40.15,2607.109,891.10,-104,88.34, -,9.373784
40.20,2601.051,891.30,-98.19048,88.34, -,9.373784
40.25,2610.138,891.00,-77.95238,88.34, -,9.373784
40.30,2594.994,891.50,-80.80952,88.34, -,9.373784
40.35,2570.779,892.30,-95.19048,88.34, -,9.373784
40.40,2570.779,892.30,-92.28571,88.34, -,9.373784
40.45,2567.752,892.40,-89.42857,88.34, -,9.373784
40.50,2555.653,892.80,-100.9524,88.34, -,9.373784
40.55,2552.627,892.90,-98.09524,88.34, -,9.373784
40.60,2543.556,893.20,-100.9524,88.34, -,9.373784
40.65,2534.488,893.50,-100.9048,88.34, -,9.373784
40.70,2531.466,893.60,-95.09524,88.34, -,9.373784
40.75,2531.466,893.60,-89.33334,88.34, -,9.373784
40.80,2531.466,893.60,-83.57143,88.34, -,9.373784
40.85,2519.378,894.00,-89.33334,88.34, -,9.373784
40.90,2510.316,894.30,-92.19048,88.34, -,9.373784
40.95,2501.256,894.60,-95.04762,88.34, -,9.373784
41.00,2489.18,895.00,-103.6667,88.34, -,9.373784
41.05,2480.126,895.30,-118.0476,88.34, -,9.373784
41.10,2471.074,895.60,-132.4286,88.34, -,9.373784
41.15,2465.041,895.80,-138.1905,88.34, -,9.373784
41.20,2452.977,896.20,-146.7619,88.34, -,9.373784
41.25,2449.963,896.30,-143.8571,88.34, -,9.373784
41.30,2440.92,896.60,-161.1429,88.34, -,9.373784
41.35,2437.905,896.70,-149.5714,88.34, -,9.373784
41.40,2434.892,896.80,-129.381,88.34, -,9.373784
41.45,2431.877,896.90,-132.2381,88.34, -,9.373784
41.50,2428.865,897.00,-132.1905,88.16, -,9.373784
41.55,2425.852,897.10,-123.5238,88.16, -,9.373784
41.60,2425.852,897.10,-120.619,88.16, -,9.373784
41.65,2422.839,897.20,-114.8571,88.16, -,9.373784
41.70,2422.839,897.20,-106.2381,88.16, -,9.373784
41.75,2419.827,897.30,-106.2381,88.16, -,9.373784
41.80,2407.78,897.70,-117.7143,88.16, -,9.373784
41.85,2410.792,897.60,-114.8571,88.16, -,9.373784
41.90,2422.839,897.20,-91.85714,88.16, -,9.373784
41.95,2431.877,896.90,-74.61905,88.16, -,9.373784
42.00,2419.827,897.30,-77.47619,88.16, -,9.373784
42.05,2395.738,898.10,-88.90476,88.16, -,9.373784
42.10,2374.674,898.80,-100.3333,88.16, -,9.373784
42.15,2359.637,899.30,-106.0476,88.16, -,9.373784
42.20,2353.624,899.50,-106,88.16, -,9.373784
42.25,2344.606,899.80,-103.0952,88.16, -,9.373784
42.30,2344.606,899.80,-100.2381,88.16, -,9.373784
42.35,2332.586,900.20,-103.0476,88.16, -,9.373784
42.40,2326.578,900.40,-105.9048,88.16, -,9.373784
42.45,2326.578,900.40,-103.0476,88.16, -,9.373784
42.50,2335.592,900.10,-91.61905,88.16, -,9.373784
42.55,2329.583,900.30,-94.47619,87.98, -,9.393232
42.60,2311.562,900.90,-108.7619,87.98, -,9.393232
42.65,2296.553,901.40,-123.0476,87.98, -,9.393232
42.70,2290.553,901.60,-125.9048,87.98, -,9.393232
42.75,2299.555,901.30,-117.3333,87.98, -,9.393232
42.80,2299.555,901.30,-114.4762,87.98, -,9.393232
42.85,2287.551,901.70,-114.4286,87.98, -,9.393232
42.90,2281.551,901.90,-123,87.98, -,9.393232
42.95,2287.551,901.70,-128.7619,87.98, -,9.393232
43.00,2290.553,901.60,-134.5238,87.98, -,9.393232
43.05,2290.553,901.60,-123.0476,87.98, -,9.393232
43.10,2284.552,901.80,-105.8095,87.98, -,9.393232
43.15,2293.553,901.50,-77.19048,87.98, -,9.393232
43.20,2308.56,901.00,-48.57143,87.98, -,9.393232
43.25,2311.562,900.90,-40,87.98, -,9.393232
43.30,2299.555,901.30,-42.85714,87.98, -,9.393232
43.35,2284.552,901.80,-57.14286,87.98, -,9.393232
43.40,2266.555,902.40,-62.85714,87.98, -,9.393232
43.45,2242.577,903.20,-80,87.98, -,9.393232
43.50,2230.595,903.60,-91.42857,87.98, -,9.393232
43.55,2239.582,903.30,-91.42857,87.98, -,9.393232
43.60,2254.565,902.80,-71.42857,87.98, -,9.393232
43.65,2245.574,903.10,-62.85714,87.98, -,9.393232
43.70,2248.57,903.00,-45.71429,87.98, -,9.393232
43.75,2254.565,902.80,-34.28571,87.98, -,9.393232
43.80,2227.599,903.70,-68.52381,87.98, -,9.393232
43.85,2215.623,904.10,-79.95238,87.98, -,9.393232
43.90,2194.672,904.80,-88.47619,87.98, -,9.393232
43.95,2197.663,904.70,-79.90476,87.98, -,9.393232
44.00,2227.599,903.70,-57.09524,87.98, -,9.393232
44.05,2248.57,903.00,-40,87.98, -,9.393232
44.10,2266.555,902.40,-22.85714,87.98, -,9.393232
44.15,2266.555,902.40,-17.14286,87.98, -,9.393232
44.20,2245.574,903.10,-45.71429,87.98, -,9.393232
44.25,2239.582,903.30,-65.71429,87.98, -,9.393232
44.30,2239.582,903.30,-68.57143,87.98, -,9.393232
44.35,2227.599,903.70,-68.57143,87.98, -,9.393232
44.40,2212.628,904.20,-68.52381,87.98, -,9.393232
44.45,2197.663,904.70,-65.61905,87.98, -,9.393232
44.50,2182.705,905.20,-57,87.98, -,9.393232
44.55,2167.754,905.70,-59.80952,88.16, -,9.393232
44.60,2143.846,906.50,-91.14286,88.16, -,9.393232
44.65,2128.912,907.00,-119.6667,88.16, -,9.393232
44.70,2111.001,907.60,-128.1429,88.16, -,9.393232
44.75,2084.151,908.50,-156.5714,88.16, -,9.393232
44.80,2063.282,909.20,-182.1429,88.16, -,9.393232
44.85,2054.343,909.50,-165,88.16, -,9.393232
44.90,2051.365,909.60,-156.4286,88.16, -,9.393232
44.95,2051.365,909.60,-136.4762,88.16, -,9.393232
45.00,2051.365,909.60,-139.3333,88.16, -,9.393232
45.05,2048.384,909.70,-170.7143,88.16, -,9.393232
45.10,2051.365,909.60,-187.8095,88.16, -,9.393232
45.15,2051.365,909.60,-204.9524,88.16, -,9.393232
45.20,2051.365,909.60,-204.9524,88.16, -,9.393232
45.25,2042.427,909.90,-193.4762,88.16, -,9.393232
45.30,2036.472,910.10,-193.4286,88.16, -,9.393232
45.35,2033.493,910.20,-196.2857,88.16, -,9.393232
45.40,2024.562,910.50,-193.381,88.16, -,9.393232
45.45,2024.562,910.50,-179.1429,88.16, -,9.393232
45.50,2024.562,910.50,-164.9048,88.16, -,9.393232
45.55,2018.608,910.70,-156.3333,88.16, -,9.393232
45.60,2015.633,910.80,-144.9524,88.16, -,9.393232
45.65,2030.516,910.30,-108,88.16, -,9.393232
45.70,2033.493,910.20,-90.90476,88.16, -,9.393232
45.75,2030.516,910.30,-76.71429,88.16, -,9.393232
45.80,2024.562,910.50,-56.80952,88.16, -,9.393232
45.85,2012.656,910.90,-48.28571,88.16, -,9.393232
45.90,1994.807,911.50,-56.76191,88.16, -,9.393232
45.95,1982.912,911.90,-65.2381,88.16, -,9.393232
46.00,1968.049,912.40,-79.38095,88.16, -,9.393232
46.05,1956.166,912.80,-90.71429,88.16, -,9.393232
46.10,1944.284,913.20,-99.19048,88.16, -,9.393232
46.15,1935.376,913.50,-110.5238,88.16, -,9.393232
46.20,1929.439,913.70,-116.1905,88.16, -,9.393232
46.25,1920.535,914.00,-124.6667,88.16, -,9.393232
46.30,1914.6,914.20,-121.8095,88.16, -,9.393232
46.35,1908.667,914.40,-121.8095,88.16, -,9.393232
46.40,1902.735,914.60,-124.619,88.16, -,9.393232
46.45,1896.804,914.80,-121.7619,88.16, -,9.393232
46.50,1896.804,914.80,-121.7619,88.16, -,9.393232
46.55,1896.804,914.80,-121.7619,87.98, -,9.373784
46.60,1896.804,914.80,-116.0952,87.98, -,9.373784
46.65,1896.804,914.80,-113.2381,87.98, -,9.373784
46.70,1899.768,914.70,-124.619,87.98, -,9.373784
46.75,1899.768,914.70,-127.4762,87.98, -,9.373784
46.80,1893.837,914.90,-130.2857,87.98, -,9.373784
46.85,1887.909,915.10,-130.2857,87.98, -,9.373784
46.90,1879.014,915.40,-127.4286,87.98, -,9.373784
46.95,1873.089,915.60,-116.0952,87.98, -,9.373784
47.00,1867.162,915.80,-110.4286,87.98, -,9.373784
47.05,1858.275,916.10,-104.7619,87.98, -,9.373784
47.10,1852.351,916.30,-99.04762,87.98, -,9.373784
47.15,1843.468,916.60,-96.19048,87.98, -,9.373784
47.20,1837.547,916.80,-93.33334,87.98, -,9.373784
47.25,1834.585,916.90,-90.47619,87.98, -,9.373784
47.30,1825.707,917.20,-90.47619,87.98, -,9.373784
47.35,1819.789,917.40,-90.42857,87.98, -,9.373784
47.40,1813.873,917.60,-90.38095,87.98, -,9.373784
47.45,1804.999,917.90,-93.14286,87.98, -,9.373784
47.50,1799.086,918.10,-93.09524,87.98, -,9.373784
47.55,1793.172,918.30,-98.71429,87.98, -,9.373784
47.60,1784.305,918.60,-107.1429,87.98, -,9.373784
47.65,1778.394,918.80,-112.7619,87.98, -,9.373784
47.70,1772.484,919.00,-118.381,87.98, -,9.373784
47.75,1766.576,919.20,-126.8095,87.98, -,9.373784
47.80,1763.622,919.30,-129.619,87.98, -,9.373784
47.85,1760.668,919.40,-126.7619,87.98, -,9.373784
47.90,1757.715,919.50,-123.9048,87.98, -,9.373784
47.95,1754.763,919.60,-118.2381,87.98, -,9.373784
48.00,1754.763,919.60,-112.5714,87.98, -,9.373784
48.05,1748.857,919.80,-112.5238,87.98, -,9.373784
48.10,1745.904,919.90,-106.8571,87.98, -,9.373784
48.15,1742.952,920.00,-104.0476,87.98, -,9.373784
48.20,1737.049,920.20,-101.1905,87.98, -,9.373784
48.25,1731.146,920.40,-101.1905,87.98, -,9.373784
48.30,1725.246,920.60,-104,87.98, -,9.373784
48.35,1716.395,920.90,-103.9524,87.98, -,9.373784
48.40,1710.498,921.10,-103.9524,87.98, -,9.373784
48.45,1704.6,921.30,-103.9524,87.98, -,9.373784
48.50,1698.703,921.50,-101.1429,87.98, -,9.373784
48.55,1689.861,921.80,-103.9524,87.98, -,9.393232
48.60,1681.021,922.10,-106.7619,87.98, -,9.393232
48.65,1675.128,922.30,-103.9524,87.98, -,9.393232
48.70,1669.236,922.50,-103.9524,87.98, -,9.393232
48.75,1663.346,922.70,-103.9524,87.98, -,9.393232
48.80,1654.512,923.00,-106.7619,87.98, -,9.393232
48.85,1645.682,923.30,-112.381,87.98, -,9.393232
48.90,1642.737,923.40,-112.381,87.98, -,9.393232
48.95,1636.853,923.60,-115.1905,87.98, -,9.393232
49.00,1633.91,923.70,-115.1905,87.98, -,9.393232
49.05,1633.91,923.70,-115.1905,87.98, -,9.393232
49.10,1636.853,923.60,-106.7619,87.98, -,9.393232
49.15,1633.91,923.70,-106.7619,87.98, -,9.393232
49.20,1633.91,923.70,-103.9524,87.98, -,9.393232
49.25,1633.91,923.70,-98.33334,87.98, -,9.393232
49.30,1633.91,923.70,-92.71429,87.98, -,9.393232
49.35,1633.91,923.70,-87.09524,87.98, -,9.393232
49.40,1630.968,923.80,-81.47619,87.98, -,9.393232
49.45,1625.084,924.00,-81.47619,87.98, -,9.393232
49.50,1613.319,924.40,-87.04762,87.98, -,9.393232
49.55,1604.499,924.70,-89.80952,87.98, -,9.393232
49.60,1595.682,925.00,-89.7619,87.98, -,9.393232
49.65,1586.866,925.30,-89.71429,87.98, -,9.393232
49.70,1578.053,925.60,-92.47619,87.98, -,9.393232
49.75,1572.178,925.80,-92.42857,87.98, -,9.393232
49.80,1566.305,926.00,-92.38095,87.98, -,9.393232
49.85,1557.497,926.30,-92.33334,87.98, -,9.393232
49.90,1551.626,926.50,-89.47619,87.98, -,9.393232
49.95,1545.756,926.70,-92.2381,87.98, -,9.393232
50.00,1528.154,927.30,-103.381,87.98, -,9.393232
50.05,1516.423,927.70,-111.7619,87.98, -,9.393232
50.10,1504.698,928.10,-122.9524,87.98, -,9.393232
50.15,1495.904,928.40,-134.1429,87.98, -,9.393232
50.20,1487.115,928.70,-139.7143,87.98, -,9.393232
50.25,1481.256,928.90,-145.2857,87.98, -,9.393232
50.30,1472.471,929.20,-153.6667,87.98, -,9.393232
50.35,1469.544,929.30,-156.4762,87.98, -,9.393232
50.40,1463.688,929.50,-162.0476,87.98, -,9.393232
50.45,1457.833,929.70,-164.8095,87.98, -,9.393232
50.50,1446.129,930.10,-170.3333,87.98, -,9.393232
50.55,1434.426,930.50,-170.2857,87.8, -,9.393232
50.60,1422.728,930.90,-173.0476,87.8, -,9.393232
50.65,1408.112,931.40,-178.5714,87.8, -,9.393232
50.70,1399.346,931.70,-178.5238,87.8, -,9.393232
50.75,1393.502,931.90,-175.7143,87.8, -,9.393232
50.80,1384.74,932.20,-178.4762,87.8, -,9.393232
50.85,1378.899,932.40,-178.4762,87.8, -,9.393232
50.90,1370.14,932.70,-178.4286,87.8, -,9.393232
50.95,1364.301,932.90,-178.4286,87.8, -,9.393232
51.00,1355.547,933.20,-181.1905,87.8, -,9.393232
51.05,1349.711,933.40,-170,87.8, -,9.393232
51.10,1340.959,933.70,-167.1429,87.8, -,9.393232
51.15,1332.211,934.00,-164.2857,87.8, -,9.393232
51.20,1323.464,934.30,-164.2381,87.8, -,9.393232
51.25,1317.634,934.50,-161.4286,87.8, -,9.393232
51.30,1311.804,934.70,-161.4286,87.8, -,9.393232
51.35,1305.976,934.90,-158.619,87.8, -,9.393232
51.40,1300.151,935.10,-161.381,87.8, -,9.393232
51.45,1294.324,935.30,-161.381,87.8, -,9.393232
51.50,1288.499,935.50,-161.381,87.8, -,9.393232
51.55,1282.675,935.70,-155.7619,87.8, -,9.393232
51.60,1273.941,936.00,-152.9524,87.8, -,9.393232
51.65,1268.119,936.20,-147.3333,87.8, -,9.393232
51.70,1259.389,936.50,-141.7619,87.8, -,9.393232
51.75,1253.57,936.70,-138.9524,87.8, -,9.393232
51.80,1241.936,937.10,-144.4762,87.8, -,9.393232
51.85,1236.12,937.30,-141.6667,87.8, -,9.393232
51.90,1230.305,937.50,-141.619,87.8, -,9.393232
51.95,1224.49,937.70,-138.8095,87.8, -,9.393232
52.00,1224.49,937.70,-133.2381,87.8, -,9.393232
52.05,1221.585,937.80,-127.6667,87.8, -,9.393232
52.10,1215.772,938.00,-127.619,87.8, -,9.393232
52.15,1207.056,938.30,-127.5714,87.8, -,9.393232
52.20,1198.342,938.60,-127.5238,87.8, -,9.393232
52.25,1189.628,938.90,-127.4762,87.8, -,9.393232
52.30,1180.918,939.20,-130.1905,87.8, -,9.393232
52.35,1172.211,939.50,-132.9048,87.8, -,9.393232
52.40,1160.604,939.90,-138.381,87.8, -,9.393232
52.45,1154.803,940.10,-138.3333,87.8, -,9.393232
52.50,1149.002,940.30,-138.2857,87.8, -,9.393232
52.55,1143.202,940.50,-138.2381,87.8, -,9.393232
52.60,1137.402,940.70,-138.2381,87.8, -,9.393232
52.65,1131.604,940.90,-135.4286,87.8, -,9.393232
52.70,1125.809,941.10,-135.4286,87.8, -,9.393232
52.75,1120.013,941.30,-132.619,87.8, -,9.393232
52.80,1111.321,941.60,-135.381,87.8, -,9.393232
52.85,1102.63,941.90,-132.5714,87.8, -,9.393232
52.90,1093.943,942.20,-135.3333,87.8, -,9.393232
52.95,1085.258,942.50,-138.0952,87.8, -,9.393232
53.00,1076.575,942.80,-140.8571,87.8, -,9.393232
53.05,1073.68,942.90,-143.619,87.8, -,9.393232
53.10,1070.788,943.00,-143.619,87.8, -,9.393232
53.15,1067.895,943.10,-140.8571,87.8, -,9.393232
53.20,1067.895,943.10,-132.5714,87.8, -,9.393232
53.25,1065.001,943.20,-127.0476,87.8, -,9.393232
53.30,1062.109,943.30,-121.5238,87.8, -,9.393232
53.35,1062.109,943.30,-113.2381,87.8, -,9.393232
53.40,1047.648,943.80,-118.7143,87.8, -,9.393232
53.45,1038.975,944.10,-115.9048,87.8, -,9.393232
53.50,1027.414,944.50,-121.381,87.62, -,9.393232
53.55,1018.746,944.80,-124.0952,87.62, -,9.393232
53.60,1010.08,945.10,-126.8095,87.62, -,9.393232
53.65,1007.191,945.20,-124.0476,87.62, -,9.393232
53.70,1004.304,945.30,-121.2857,87.62, -,9.393232
53.75,1001.415,945.40,-118.5238,87.62, -,9.393232
53.80,998.5286,945.50,-115.7619,87.62, -,9.393232
53.85,995.6422,945.60,-110.2381,87.62, -,9.393232
53.90,989.8683,945.80,-107.4286,87.62, -,9.393232
53.95,984.0955,946.00,-104.619,87.62, -,9.393232
54.00,972.5526,946.40,-107.3333,87.62, -,9.393232
54.05,961.0155,946.80,-110.0476,87.62, -,9.393232
54.10,952.3648,947.10,-115.5238,87.62, -,9.393232
54.15,943.7146,947.40,-121,87.62, -,9.393232
54.20,937.9514,947.60,-123.7143,87.62, -,9.393232
54.25,932.1873,947.80,-129.1905,87.62, -,9.393232
54.30,926.4243,948.00,-131.9048,87.62, -,9.393232
54.35,929.3048,947.90,-126.381,87.62, -,9.393232
54.40,955.2476,947.00,-101.6667,87.62, -,9.393232
54.45,972.5526,946.40,-71.42857,87.62, -,9.393232
54.50,995.6422,945.60,-41.19048,87.62, -,9.393232
54.55,984.0955,946.00,-41.19048,87.62, -,9.373784
54.60,940.8328,947.50,-74.14286,87.62, -,9.373784
54.65,903.3838,948.80,-101.5714,87.62, -,9.373784
54.70,883.2355,949.50,-118,87.62, -,9.373784
54.75,874.6048,949.80,-123.4762,87.62, -,9.373784
54.80,857.3481,950.40,-137.1429,87.62, -,9.373784
54.85,845.8503,950.80,-145.3333,87.62, -,9.373784
54.90,834.3547,951.20,-153.5238,87.62, -,9.373784
54.95,825.7364,951.50,-156.2381,87.62, -,9.373784
55.00,822.8647,951.60,-153.4762,87.62, -,9.373784
55.05,819.9915,951.70,-145.1905,87.62, -,9.373784
55.10,811.377,952.00,-142.381,87.62, -,9.373784
55.15,802.7645,952.30,-142.3333,87.62, -,9.373784
55.20,802.7645,952.30,-134.0952,87.62, -,9.373784
55.25,802.7645,952.30,-128.619,87.62, -,9.373784
55.30,797.0236,952.50,-128.619,87.62, -,9.373784
55.35,791.2836,952.70,-128.619,87.62, -,9.373784
55.40,788.4148,952.80,-134.0952,87.62, -,9.373784
55.45,785.5445,952.90,-161.5238,87.62, -,9.373784
55.50,779.8082,953.10,-183.4762,87.62, -,9.393232
55.55,771.2021,953.40,-213.6667,87.62, -,9.393232
55.60,762.5999,953.70,-210.8571,87.62, -,9.393232
55.65,756.8658,953.90,-175.1429,87.62, -,9.393232
55.70,745.4022,954.30,-150.381,87.62, -,9.393232
55.75,736.8066,954.60,-139.381,87.62, -,9.393232
55.80,728.2114,954.90,-139.3333,87.62, -,9.393232
55.85,719.6202,955.20,-131.0952,87.62, -,9.393232
55.90,711.0311,955.50,-128.3333,87.62, -,9.393232
55.95,705.3057,955.70,-122.8571,87.62, -,9.393232
56.00,696.7203,956.00,-122.8571,87.62, -,9.393232
56.05,693.8596,956.10,-122.8571,87.62, -,9.393232
56.10,690.9973,956.20,-122.8571,87.62, -,9.393232
56.15,690.9973,956.20,-114.6667,87.62, -,9.393232
56.20,690.9973,956.20,-106.4762,87.62, -,9.393232
56.25,688.1371,956.30,-109.1905,87.62, -,9.393232
56.30,688.1371,956.30,-109.1905,87.62, -,9.393232
56.35,685.2753,956.40,-106.4286,87.62, -,9.393232
56.40,668.1169,957.00,-117.2857,87.62, -,9.393232
56.45,670.9754,956.90,-111.8571,87.62, -,9.393232
56.50,668.1169,957.00,-111.8571,87.62, -,9.393232
56.55,668.1169,957.00,-106.381,87.62, -,9.373784
56.60,656.6816,957.40,-109.0952,87.62, -,9.373784
56.65,645.2519,957.80,-111.8095,87.62, -,9.373784
56.70,622.4023,958.60,-128.0952,87.62, -,9.373784
56.75,608.129,959.10,-130.7619,87.62, -,9.373784
56.80,599.5665,959.40,-130.7143,87.62, -,9.373784
56.85,591.0079,959.70,-130.6667,87.62, -,9.373784
56.90,585.3028,959.90,-127.9048,87.62, -,9.373784
56.95,571.0451,960.40,-133.2857,87.62, -,9.373784
57.00,562.4937,960.70,-135.9524,87.62, -,9.373784
57.05,568.195,960.50,-122.3333,87.62, -,9.373784
57.10,565.3451,960.60,-122.3333,87.62, -,9.373784
57.15,559.6443,960.80,-125.0476,87.62, -,9.373784
57.20,556.7935,960.90,-127.7619,87.62, -,9.373784
57.25,553.9445,961.00,-130.4762,87.62, -,9.373784
57.30,553.9445,961.00,-127.7619,87.62, -,9.373784
57.35,556.7935,960.90,-125.0476,87.62, -,9.373784
57.40,559.6443,960.80,-119.619,87.62, -,9.373784
57.45,562.4937,960.70,-100.5714,87.62, -,9.373784
57.50,568.195,960.50,-97.85714,87.44, -,9.373784
57.55,565.3451,960.60,-97.85714,87.44, -,9.373784
57.60,545.3975,961.30,-116.8571,87.44, -,9.373784
57.65,519.7675,962.20,-130.381,87.44, -,9.373784
57.70,505.5374,962.70,-133.0476,87.44, -,9.373784
57.75,494.1587,963.10,-122.1429,87.44, -,9.373784
57.80,488.4699,963.30,-114,87.44, -,9.373784
57.85,485.625,963.40,-108.5714,87.44, -,9.373784
57.90,479.9394,963.60,-105.8571,87.44, -,9.373784
57.95,479.9394,963.60,-100.4286,87.44, -,9.373784
58.00,474.253,963.80,-92.28571,87.44, -,9.373784
58.05,474.253,963.80,-84.14286,87.44, -,9.373784
58.10,474.253,963.80,-89.57143,87.44, -,9.373784
58.15,471.4093,963.90,-89.57143,87.44, -,9.373784
58.20,477.0952,963.70,-78.71429,87.44, -,9.373784
58.25,488.4699,963.30,-65.19048,87.44, -,9.373784
58.30,499.8467,962.90,-51.61905,87.44, -,9.373784
58.35,491.3133,963.20,-59.76191,87.44, -,9.373784
58.40,468.5675,964.00,-84.14286,87.44, -,9.373784
58.45,474.253,963.80,-81.42857,87.44, -,9.373784
58.50,448.6768,964.70,-108.5238,87.44, -,9.373784
58.55,423.1217,965.60,-138.2857,87.44, -,9.393232
58.60,408.9322,966.10,-149.0952,87.44, -,9.393232
58.65,408.9322,966.10,-130.0952,87.44, -,9.393232
58.70,423.1217,965.60,-92.14286,87.44, -,9.393232
58.75,442.9957,964.90,-59.66667,87.44, -,9.393232
58.80,460.042,964.30,-32.57143,87.44, -,9.393232
58.85,442.9957,964.90,-43.38095,87.44, -,9.393232
58.90,434.4766,965.20,-48.76191,87.44, -,9.393232
58.95,428.7978,965.40,-48.76191,87.44, -,9.393232
59.00,397.5842,966.50,-78.47619,87.44, -,9.393232
59.05,383.4054,967.00,-86.57143,87.44, -,9.393232
59.10,386.24,966.90,-83.85714,87.44, -,9.393232
59.15,394.7487,966.60,-75.7619,87.44, -,9.393232
59.20,397.5842,966.50,-70.33334,87.44, -,9.393232
59.25,394.7487,966.60,-78.47619,87.44, -,9.393232
59.30,383.4054,967.00,-100.0952,87.44, -,9.393232
59.35,366.3993,967.60,-127.1429,87.44, -,9.393232
59.40,372.0659,967.40,-113.619,87.44, -,9.393232
59.45,383.4054,967.00,-81.14286,87.44, -,9.393232
59.50,386.24,966.90,-83.85714,87.26, -,9.373784
59.55,369.2325,967.50,-75.66666,87.26, -,9.373784
59.60,346.5686,968.30,-72.90476,87.26, -,9.373784
59.65,335.2414,968.70,-70.19048,87.26, -,9.373784
59.70,335.2414,968.70,-70.19048,87.26, -,9.373784
59.75,338.0737,968.60,-81,87.26, -,9.373784
59.80,335.2414,968.70,-102.619,87.26, -,9.373784
59.85,329.5793,968.90,-124.2381,87.26, -,9.373784
59.90,323.9198,969.10,-113.381,87.26, -,9.373784
59.95,321.0887,969.20,-108,87.26, -,9.373784
60.00,318.2595,969.30,-105.2857,87.26, -,9.373784
60.05,318.2595,969.30,-75.57143,87.26, -,9.373784
60.10,315.4289,969.40,-64.7619,87.26, -,9.373784
60.15,312.6002,969.50,-70.19048,87.26, -,9.373784
60.20,315.4289,969.40,-75.57143,87.26, -,9.373784
60.25,315.4289,969.40,-78.28571,87.26, -,9.373784
60.30,315.4289,969.40,-75.57143,87.26, -,9.373784
60.35,315.4289,969.40,-64.7619,87.26, -,9.373784
60.40,318.2595,969.30,-45.85714,87.26, -,9.373784
60.45,315.4289,969.40,-53.95238,87.26, -,9.373784
60.50,312.6002,969.50,-67.47619,87.26, -,9.373784
60.55,306.9418,969.70,-75.57143,87.26, -,9.373784
60.60,306.9418,969.70,-59.38095,87.26, -,9.373784
60.65,304.1139,969.80,-40.52381,87.26, -,9.373784
60.70,301.2844,969.90,-32.42857,87.26, -,9.373784
60.75,304.1139,969.80,-29.71428,87.26, -,9.373784
60.80,304.1139,969.80,-32.42857,87.26, -,9.373784
60.85,304.1139,969.80,-29.71428,87.26, -,9.373784
60.90,304.1139,969.80,-24.33333,87.26, -,9.373784
60.95,306.9418,969.70,-16.23809,87.26, -,9.373784
61.00,318.2595,969.30,-2.761905,87.26, -,9.373784
61.05,332.4111,968.80,13.42857,87.26, -,9.373784
61.10,343.7356,968.40,24.19048,87.26, -,9.373784
61.15,349.4001,968.20,32.28571,87.26, -,9.373784
61.20,346.5686,968.30,32.28571,87.26, -,9.373784
61.25,340.9045,968.50,24.19048,87.26, -,9.373784
61.30,332.4111,968.80,16.09524,87.26, -,9.373784
61.35,326.7494,969.00,10.71429,87.26, -,9.373784
61.40,321.0887,969.20,5.333333,87.26, -,9.373784
61.45,318.2595,969.30,-0.0952381,87.26, -,9.373784
61.50,315.4289,969.40,-0.0952381,87.26, -,9.393232
61.55,312.6002,969.50,-0.0952381,87.26, -,9.393232
61.60,309.7718,969.60,2.571429,87.26, -,9.393232
61.65,304.1139,969.80,-2.809524,87.26, -,9.393232
61.70,301.2844,969.90,-2.809524,87.26, -,9.393232
61.75,304.1139,969.80,2.619048,87.26, -,9.393232
61.80,312.6002,969.50,8,87.26, -,9.393232
61.85,323.9198,969.10,18.76191,87.26, -,9.393232
61.90,332.4111,968.80,26.85714,87.26, -,9.393232
61.95,335.2414,968.70,29.57143,87.26, -,9.393232
62.00,335.2414,968.70,26.85714,87.26, -,9.393232
62.05,329.5793,968.90,10.71429,87.26, -,9.393232
62.10,321.0887,969.20,-10.85714,87.26, -,9.393232
62.15,315.4289,969.40,-27,87.26, -,9.393232
62.20,306.9418,969.70,-40.47619,87.26, -,9.393232
62.25,304.1139,969.80,-40.47619,87.26, -,9.393232
62.30,301.2844,969.90,-37.80952,87.26, -,9.393232
62.35,298.4569,970.00,-32.42857,87.26, -,9.393232
62.40,292.8009,970.20,-32.42857,87.26, -,9.393232
62.45,289.9741,970.30,-29.76191,87.26, -,9.393232
62.50,284.3195,970.50,-32.42857,87.26, -,9.393232
62.55,278.6659,970.70,-35.09524,87.26, Main,9.393232
62.60,275.8403,970.80,-35.09524,87.26, -,9.393232
62.65,278.6659,970.70,-29.66667,87.26, -,9.393232
62.70,284.3195,970.50,-18.90476,87.26, -,9.393232
62.75,289.9741,970.30,-10.80952,87.26, -,9.393232
62.80,292.8009,970.20,-10.80952,87.26, -,9.393232
62.85,292.8009,970.20,-18.90476,87.26, -,9.393232
62.90,292.8009,970.20,-29.66667,87.26, -,9.393232
62.95,287.1458,970.40,-43.14286,87.26, -,9.393232
63.00,281.4935,970.60,-51.23809,87.26, -,9.393232
63.05,275.8403,970.80,-56.61905,87.26, -,9.393232
63.10,267.3631,971.10,-59.33333,87.26, -,9.393232
63.15,261.7123,971.30,-56.61905,87.26, -,9.393232
63.20,256.0624,971.50,-56.61905,87.26, -,9.393232
63.25,247.5903,971.80,-56.57143,87.26, -,9.393232
63.30,241.9427,972.00,-59.23809,87.26, -,9.393232
63.35,233.4741,972.30,-64.57143,87.26, -,9.393232
63.40,227.8289,972.50,-67.2381,87.26, -,9.393232
63.45,222.1847,972.70,-67.2381,87.26, -,9.393232
63.50,219.3638,972.80,-67.19048,87.26, -,9.373784
63.55,216.5414,972.90,-64.47619,87.26, -,9.373784
63.60,213.7209,973.00,-61.76191,87.26, -,9.373784
63.65,213.7209,973.00,-59.04762,87.26, -,9.373784
63.70,213.7209,973.00,-61.76191,87.26, -,9.373784
63.75,210.9007,973.10,-69.80952,87.26, -,9.373784
63.80,210.9007,973.10,-75.19048,87.26, -,9.373784
63.85,210.9007,973.10,-77.90476,87.26, -,9.373784
63.90,210.9007,973.10,-77.90476,87.26, -,9.373784
63.95,208.079,973.20,-80.57143,87.26, -,9.373784
64.00,205.2593,973.30,-77.85714,87.26, -,9.373784
64.05,205.2593,973.30,-72.47619,87.26, -,9.373784
64.10,202.4381,973.40,-69.7619,87.26, -,9.373784
64.15,205.2593,973.30,-59,87.26, -,9.373784
64.20,208.079,973.20,-50.95238,87.26, -,9.373784
64.25,208.079,973.20,-45.57143,87.26, -,9.373784
64.30,213.7209,973.00,-32.14286,87.26, -,9.373784
64.35,216.5414,972.90,-24.09524,87.26, -,9.373784
64.40,219.3638,972.80,-13.38095,87.26, -,9.373784
64.45,219.3638,972.80,-8,87.26, -,9.373784
64.50,213.7209,973.00,-8,87.26, -,9.373784
64.55,208.079,973.20,-10.71429,87.26, -,9.393232
64.60,202.4381,973.40,-13.42857,87.26, -,9.393232
64.65,193.9793,973.70,-18.80952,87.26, -,9.393232
64.70,188.3407,973.90,-24.19048,87.26, -,9.393232
64.75,188.3407,973.90,-24.19048,87.26, -,9.393232
64.80,182.7048,974.10,-26.90476,87.26, -,9.393232
64.85,179.8854,974.20,-29.57143,87.26, -,9.393232
64.90,179.8854,974.20,-29.57143,87.26, -,9.393232
64.95,179.8854,974.20,-29.57143,87.26, -,9.393232
65.00,179.8854,974.20,-26.90476,87.26, -,9.393232
65.05,179.8854,974.20,-24.23809,87.26, -,9.393232
65.10,177.068,974.30,-26.90476,87.26, -,9.393232
65.15,177.068,974.30,-24.23809,87.26, -,9.393232
65.20,177.068,974.30,-26.90476,87.26, -,9.393232
65.25,177.068,974.30,-29.57143,87.26, -,9.393232
65.30,174.2491,974.40,-32.23809,87.26, -,9.393232
65.35,174.2491,974.40,-37.61905,87.26, -,9.393232
65.40,174.2491,974.40,-40.28571,87.26, -,9.393232
65.45,177.068,974.30,-40.28571,87.26, -,9.393232
65.50,177.068,974.30,-40.28571,87.26, -,9.393232
65.55,177.068,974.30,-34.90476,87.26, -,9.393232
65.60,177.068,974.30,-29.52381,87.26, -,9.393232
65.65,179.8854,974.20,-21.47619,87.26, -,9.393232
65.70,179.8854,974.20,-13.42857,87.26, -,9.393232
65.75,179.8854,974.20,-8.047619,87.26, -,9.393232
65.80,182.7048,974.10,-5.380952,87.26, -,9.393232
65.85,185.5226,974.00,2.666667,87.26, -,9.393232
65.90,185.5226,974.00,5.333333,87.26, -,9.393232
65.95,188.3407,973.90,8,87.26, -,9.393232
66.00,188.3407,973.90,8,87.26, -,9.393232
66.05,185.5226,974.00,5.333333,87.26, -,9.393232
66.10,185.5226,974.00,5.333333,87.26, -,9.393232
66.15,182.7048,974.10,5.333333,87.26, -,9.393232
66.20,182.7048,974.10,5.333333,87.26, -,9.393232
66.25,179.8854,974.20,2.666667,87.26, -,9.393232
66.30,179.8854,974.20,2.666667,87.26, -,9.393232
66.35,179.8854,974.20,5.333333,87.26, -,9.393232
66.40,177.068,974.30,2.666667,87.26, -,9.393232
66.45,177.068,974.30,2.666667,87.26, -,9.393232
66.50,174.2491,974.40,-2.666667,87.26, -,9.393232
66.55,174.2491,974.40,-2.666667,87.26, -,9.393232
66.60,174.2491,974.40,-2.666667,87.26, -,9.393232
66.65,171.4322,974.50,-5.333333,87.26, -,9.393232
66.70,171.4322,974.50,-8,87.26, -,9.393232
66.75,165.7974,974.70,-13.38095,87.26, -,9.393232
66.80,162.9812,974.80,-16.04762,87.26, -,9.393232
66.85,160.1635,974.90,-21.38095,87.26, -,9.393232
66.90,154.5322,975.10,-29.42857,87.26, -,9.393232
66.95,151.7152,975.20,-32.09524,87.26, -,9.393232
67.00,146.0836,975.40,-40.14286,87.26, -,9.393232
67.05,143.269,975.50,-42.80952,87.26, -,9.393232
67.10,137.6389,975.70,-45.52381,87.26, -,9.393232
67.15,134.825,975.80,-48.19048,87.26, -,9.393232
67.20,132.0096,975.90,-48.19048,87.26, -,9.393232
67.25,129.1962,976.00,-50.85714,87.26, -,9.393232
67.30,129.1962,976.00,-48.19048,87.26, -,9.393232
67.35,126.383,976.10,-50.85714,87.26, -,9.393232
67.40,123.5684,976.20,-53.52381,87.26, -,9.393232
67.45,123.5684,976.20,-50.85714,87.26, -,9.393232
67.50,120.7557,976.30,-53.52381,87.26, -,9.393232
67.55,120.7557,976.30,-50.85714,87.26, -,9.393232
67.60,117.9415,976.40,-53.52381,87.26, -,9.393232
67.65,115.1292,976.50,-56.19048,87.26, -,9.393232
67.70,115.1292,976.50,-53.52381,87.26, -,9.393232
67.75,115.1292,976.50,-53.52381,87.26, -,9.393232
67.80,115.1292,976.50,-48.14286,87.26, -,9.393232
67.85,112.3172,976.60,-48.14286,87.26, -,9.393232
67.90,109.5037,976.70,-48.14286,87.26, -,9.393232
67.95,106.6922,976.80,-45.42857,87.26, -,9.393232
68.00,106.6922,976.80,-42.76191,87.26, -,9.393232
68.05,103.8791,976.90,-40.04762,87.26, -,9.393232
68.10,103.8791,976.90,-37.38095,87.26, -,9.393232
68.15,103.8791,976.90,-32,87.26, -,9.393232
68.20,101.0681,977.00,-32,87.26, -,9.393232
68.25,101.0681,977.00,-29.33333,87.26, -,9.393232
68.30,101.0681,977.00,-26.66667,87.26, -,9.393232
68.35,98.25721,977.10,-29.33333,87.26, -,9.393232
68.40,95.44489,977.20,-29.33333,87.26, -,9.393232
68.45,95.44489,977.20,-26.66667,87.26, -,9.393232
68.50,92.6345,977.30,-29.33333,87.26, -,9.393232
68.55,92.6345,977.30,-26.66667,87.08, -,9.393232
68.60,89.82264,977.40,-29.33333,87.08, -,9.393232
68.65,89.82264,977.40,-26.66667,87.08, -,9.393232
68.70,87.01273,977.50,-26.66667,87.08, -,9.393232
68.75,87.01273,977.50,-26.66667,87.08, -,9.393232
68.80,87.01273,977.50,-26.66667,87.08, -,9.393232
68.85,84.20304,977.60,-29.33333,87.08, -,9.393232
68.90,81.39188,977.70,-29.33333,87.08, -,9.393232
68.95,81.39188,977.70,-26.66667,87.08, -,9.393232
69.00,81.39188,977.70,-24,87.08, -,9.393232
69.05,78.58266,977.80,-26.66667,87.08, -,9.393232
69.10,78.58266,977.80,-24,87.08, -,9.393232
69.15,78.58266,977.80,-24,87.08, -,9.393232
69.20,78.58266,977.80,-24,87.08, -,9.393232
69.25,75.77196,977.90,-24,87.08, -,9.393232
69.30,72.9632,978.00,-26.66667,87.08, -,9.393232
69.35,72.9632,978.00,-26.66667,87.08, -,9.393232
69.40,70.15469,978.10,-26.66667,87.08, -,9.393232
69.45,70.15469,978.10,-24,87.08, -,9.393232
69.50,70.15469,978.10,-24,87.08, -,9.393232
69.55,70.15469,978.10,-21.33333,87.08, -,9.393232
69.60,67.34469,978.20,-24,87.08, -,9.393232
69.65,67.34469,978.20,-21.33333,87.08, -,9.393232
69.70,67.34469,978.20,-21.33333,87.08, -,9.393232
69.75,67.34469,978.20,-18.66667,87.08, -,9.393232
69.80,67.34469,978.20,-18.66667,87.08, -,9.393232
69.85,64.53663,978.30,-21.33333,87.08, -,9.393232
69.90,61.72709,978.40,-21.33333,87.08, -,9.393232
69.95,61.72709,978.40,-18.66667,87.08, -,9.393232
70.00,61.72709,978.40,-18.66667,87.08, -,9.393232
70.05,58.91951,978.50,-21.33333,87.08, -,9.393232
70.10,61.72709,978.40,-16,87.08, -,9.393232
70.15,58.91951,978.50,-18.66667,87.08, -,9.393232
70.20,58.91951,978.50,-18.66667,87.08, -,9.393232
70.25,58.91951,978.50,-18.66667,87.08, -,9.393232
70.30,56.11215,978.60,-18.66667,87.08, -,9.393232
70.35,56.11215,978.60,-16,87.08, -,9.393232
70.40,56.11215,978.60,-16,87.08, -,9.393232
70.45,56.11215,978.60,-13.33333,87.08, -,9.393232
70.50,56.11215,978.60,-13.33333,87.08, -,9.393232
70.55,58.91951,978.50,-10.66667, -
70.60,58.91951,978.50,-10.66667, -
70.65,61.72709,978.40,-5.333333, -
70.70,64.53663,978.30,-2.666667, -
70.75,67.34469,978.20,0, -
70.80,72.9632,978.00,5.333333, -
70.85,72.9632,978.00,5.333333, -
70.90,75.77196,977.90,10.66667, -
70.95,75.77196,977.90,13.33333, -
71.00,78.58266,977.80,16, -
71.05,75.77196,977.90,13.33333, -
71.10,75.77196,977.90,16, -
71.15,75.77196,977.90,13.33333, -
71.20,72.9632,978.00,13.33333, -
71.25,72.9632,978.00,13.33333, -
71.30,70.15469,978.10,10.66667, -
71.35,70.15469,978.10,13.33333, -
71.40,70.15469,978.10,13.33333, -
71.45,72.9632,978.00,16, -
71.50,75.77196,977.90,18.66667, -
71.55,75.77196,977.90,18.66667, -
71.60,78.58266,977.80,18.66667, -
71.65,81.39188,977.70,21.33333, -
71.70,81.39188,977.70,18.66667, -
71.75,81.39188,977.70,16, -
71.80,78.58266,977.80,10.66667, -
71.85,75.77196,977.90,2.666667, -
