0.55,52.64858274916184,24.230417555623262,2.4611898025822097,82.53468469487755
0.56,51.97805547089302,21.395915879304855,2.1754610947587616,75.2926559524214
0.57,53.42273697043584,11.642791831758295,1.1867782204227475,60.335113123864154
0.58,53.16366961292289,28.1621456872904,2.8559950796728497,93.50325310199766
0.59,52.98384638829625,26.82109113075272,2.721546153568505,89.58351010887884
0.6,53.42273697043584,18.561414202986764,1.8889242898058967,70.97690631919973
0.61,53.70618713806766,24.504724169460818,2.488794619019647,84.27119817356935
0.62,54.45291069795794,8.259676927765941,0.842373261337608,57.93270699761117
0.63,53.861627552575435,33.00822919841467,3.3398151633984376,109.21525578735418
0.64,54.273087473331294,27.857360560804164,2.8254592988409697,93.7468632044177
0.65,54.376714416336476,18.561414202987073,1.8889244314692277,71.93088442459529
0.66,54.891801280097525,11.61231331910962,1.1836780925513941,61.76805359904334
0.66,54.891801280097525,13.928680280401734,1.4191353670588174,64.78265222837724
0.67,55.15086863761048,33.03332915000813,3.342313320515162,110.5883662274402
0.68,55.58975921975007,31.955548261553044,3.23500442018397,107.48279042703079
0.69,56.67479427003962,38.33259090802572,3.8672900442129508,131.21709746152726
0.7,56.15970740627857,54.646180325223504,5.450690848684372,206.77992905974452
0.71,56.44315757391039,40.597378847912424,4.090212934131182,139.99665679863338
0.72,56.650411459920754,31.545260591283505,3.1941098998178563,107.2245548599974
0.73,57.372752209692166,18.896677842121058,1.922855189637532,75.56590019532896
0.74,57.34532154830844,18.86619932947257,1.9197710236099557,75.47991074761387
0.75,57.939652544955806,33.00822919841509,3.339818499071665,113.29330858548263
0.76,58.07071014934471,36.879000304785485,3.72374670783481,127.09585608076992
0.77,58.82048156049985,34.07497714111496,3.4458617626931356,117.79346469409629
0.78,58.92410850350503,36.20847302651611,3.6574124316637673,125.47462471155353
0.79,59.12831453825053,40.384029259372554,4.0692557611002975,141.81144500866637
0.8,58.84486437061871,32.30722340749771,3.270040406857359,111.88174735141698
0.81,60.4236513258153,18.56141420298687,1.8889253293549333,77.9778255140566
0.82,60.4236513258153,31.27095397744535,3.1667574896612902,110.12540160727252
0.83,60.32002438281012,42.944224321853426,4.320241104452612,153.74280775212867
0.84,61.12160926546784,39.622066443157244,3.994330512685473,140.73268572876157
0.85,61.01798232246266,44.49862846693092,4.472023262690809,161.2742063909468
0.86,61.432490094483384,18.866199329472252,1.9197716606551274,79.56708230848196
0.87,61.481255714721115,27.156354769887045,2.7551836935641565,98.99902008036122
0.88,62.07863456263334,26.333434928375798,2.672603360312846,97.36307809052784
0.89,62.31027125876257,23.773239865894535,2.4151664690906838,91.0817102460757
0.9,63.242913745809204,32.3072234074977,3.270043783823473,116.27982426717043
0.91,63.060042669917706,44.49862846693049,4.472027256156889,163.31631197745838
0.92,62.88021944529107,43.21853093568981,4.347064219288289,157.4918026686869
0.93,63.68180432794879,23.529411764705497,2.390609878789951,91.86735400932999
0.94,63.13928680280402,23.803718378542833,2.4182358887015925,91.98438478731677
0.95,63.45016763181957,4.145077720207726,0.4229100976063534,64.32672432332392
0.96,64.07192928985066,10.393172813166832,1.059630235631779,69.58072041792431
0.97,64.40719292898505,21.517829929899,2.1877707314019084,87.98777836704713
0.98,64.8217007010058,23.834196891191542,2.4213054733830197,93.74055283721862
0.98,64.8217007010058,43.21853093569015,4.347067708197645,159.4333222722551
0.99,65.23620847302651,43.906986750810916,4.414314763958064,162.8637560582839
1.0,64.53520268210912,39.012496190185075,3.9343184230147874,141.72978799618545
1.01,65.05333739713501,7.127282957822525,0.7269840704743268,67.64456405656657
1.02,65.23620847302651,1.5418541692817087,0.157329123130947,65.35749888655805
1.03,66.3761048460835,6.4614446814997315,0.6591152135689117,68.50587174149625
1.04,66.11703748857056,29.80798537031306,3.0206866741378664,111.29276125411018
1.05,66.89423956110942,44.86437061871409,4.507680153566297,168.79272472940235
1.06,66.94605303261201,45.626333434928796,4.581856896453543,172.3074913433981
1.07,67.25693386162754,39.37823834196848,3.9703401128087257,145.89708988363958
1.08,67.41237427613532,25.906735751295024,2.6297531084563235,101.56557580592722
1.09,67.59219750076197,29.533678756476956,2.9932653845866617,111.9430942083268
1.1,67.98232246266382,18.62237122828458,1.895096353704706,85.65183326368695
1.11,68.89058213959159,24.078024992380453,2.4458555327851963,98.40281749246157
1.12,68.55227064919231,38.37244742456495,3.871235987563428,143.24893573691787
1.13,69.09783602560195,35.781773849435105,3.615171236051627,134.09684613319274
1.14,69.79884181651934,35.81225236208416,3.6181909539313435,134.90808957128618
1.15,70.00609570252972,38.402925937214135,3.8742436283917034,144.82081414028252
1.16,69.77141115513562,34.77598293203298,3.515461484316673,131.1844508539845
1.17,69.66778421213044,33.46540688814308,3.3852965605937104,126.55880988971285
1.18,70.26516306004267,11.124657116732404,1.1340687595290269,76.57628453753387
1.19,70.88692471807376,5.94330996647398,0.6062922106524682,72.68886554984051
1.2,70.88692471807376,22.554099359951987,2.2923188798788123,96.78881854967418
1.21,71.79518439500153,34.50167631819593,3.488241708790236,132.2476594630408
1.22,72.70344407192928,48.76562023773262,4.88624250349779,192.92710947423217
1.23,71.89881133800671,57.84821700701059,5.754836343732306,240.46079537103535
1.24,73.66351722035964,38.40292593721352,3.8742482884470855,148.47828101064096
1.25,73.87077110637,56.56811947577032,5.633564380505388,235.1436984032032
1.26,73.81895763486742,51.11246571167411,5.112440797505742,205.7755745822395
1.27,74.62663822005486,42.029868942395076,4.2307671974801275,164.1403434423642
1.28,75.04114599207558,56.11094178604095,5.590160855737507,233.74851822506463
1.29,75.94940566900335,35.111246571166326,3.5487223113904496,138.54668060190502
1.3,76.78146906430966,53.79457482474807,5.36948815240483,222.79540635121123
1.3,76.78146906430966,72.47790307832997,7.111728595130859,339.52822697881385
1.31,77.11978055470892,75.06678379977511,7.345908400413202,358.5815430590487
1.32,78.00365742151783,72.25751998687188,7.091717405020663,339.1854941888837
1.33,78.05547089302043,63.91109652310379,6.32386663538866,283.2383655161745
1.34,78.49740932642487,47.10723057891252,4.725715790452294,190.7509813830326
1.35,79.20146296860713,43.675708625419674,4.391760220801982,175.81097452806014
1.36,80.00609570252972,46.57116732703458,4.673704264838199,189.7403641560985
1.37,80.63090521182566,51.50868637610427,5.150532688104358,214.62098793118957
1.38,81.3867723255105,66.5955501371525,6.5728610158053336,303.88074470776934
1.39,82.55714721121609,72.08168241389875,7.075768660985706,342.49405473024893
1.4,82.7674489484913,80.92045108198839,7.868465578898259,408.7650337499648
1.41,83.46845473940871,74.48948491313504,7.293903821670089,360.7054912284517
1.42,83.54769887229503,70.5577567814688,6.93689521124997,332.80753393377336
1.43,84.59006400487657,52.33160621761645,5.229507581883823,222.851287856155
1.44,85.2148735141725,48.46083511124671,4.85681199303719,203.95416129024125
1.45,85.397744590064,60.16458396830219,5.9733584460742915,267.54427867261467
1.46,86.25723864675403,55.25754343188074,5.50904283544063,240.22917449321795
1.47,86.67479427003961,62.267601341053556,6.170570286518997,281.5910652657486
1.48,87.48247485522705,52.118256629075915,5.209058920343143,224.63028647383294
1.49,87.74459006400487,58.12252362084731,5.780840644016517,257.88971773878245
1.5,88.81438585797012,59.189271563547145,5.88154616931187,265.18002111627936
1.51,88.86619932947272,61.840902163974086,6.130657412364376,281.1581842984139
1.52,89.25632429137458,57.14721121609309,5.688538824608025,253.8084114477926
1.53,89.4666260286498,46.69308137762924,4.685560144319393,199.77165918101
1.54,90.03962206644316,38.86010362694345,3.919337666947477,166.63612183659063
1.55,90.38098140810729,30.508991161230693,3.0907340826660685,137.6988953570139
1.56,90.87473331301433,38.12861932337803,3.8472117795376803,164.6306833917663
1.57,91.99939042974704,41.51173422736932,4.180009540864075,179.33443570765274
1.58,92.31331911002742,59.00640048765534,5.864317959883659,267.6051994007742
1.59,91.92014629686071,61.65803108808171,6.113548300023973,283.0928182526196
1.6,93.22767448948491,45.169155745199696,4.537418337706542,196.5051761087672
1.61,93.25205729960376,46.2663822005481,4.6441335153453505,201.56670226327114
1.62,94.37671441633647,34.19689119170969,3.4580020171776207,153.7708133612275
1.62,94.37671441633647,54.58701615361159,5.445184204164328,244.6764998594565
1.63,94.9009448338921,75.23710489986867,7.361401773340338,377.61819322315995
1.64,95.86711368485219,62.445783414998964,6.1872754404772285,291.8851166005684
1.65,95.91892715635475,82.18648160739222,7.980314241664991,431.9521085411669
1.66,96.99177080158488,56.81553328432891,5.657126275201182,259.66275396490636
1.67,97.80249923803717,62.48095092959384,6.190572277769934,294.0383119661093
1.68,98.29929899420907,69.27765925022887,6.819848647704115,338.75598992067324
1.69,99.47881743370922,67.47942700396315,6.6545423859140636,327.8204757192352
1.7,99.42700396220665,84.27308747333048,8.163442831844653,452.30410954968426
1.71,100.28954587016153,65.46784516915521,6.46860738593904,315.4319672051803
1.72,101.02407802499236,61.017982322462935,6.053591237979154,288.3036679343774
1.73,101.88661993294727,62.60286498018981,6.201985576249988,298.8781869918445
1.74,102.7247790307833,64.1267906126197,6.344076588337397,309.2761273337043
1.75,104.09021639743979,81.92624199939063,7.957477910506985,438.0515003921472
1.76,104.66626028649802,93.02042060347388,8.916843179555034,532.2653712928327
1.77,105.61109417860408,94.87960987503907,9.073963537671869,549.9348976367164
1.78,105.8213959158793,93.90429747028297,8.991683722930823,541.335434206479
1.79,106.89728741237428,77.14111551356301,7.532458046014282,403.795864506527
1.8,107.5525754343188,67.69277659250203,6.674252756001742,337.31698877411145
1.81,107.78725998171288,70.58823529411599,6.9398538096622335,357.2617860537277
1.82,108.39378238341968,60.83511124657196,6.03646425299238,294.5684672222004
1.83,108.91801280097532,60.34745504419304,5.990659867016175,292.1601831151241
1.84,109.60073148430357,48.82657726303018,4.892226759154561,230.12360275878382
1.85,109.2837549527583,52.27064919231933,5.2237402434138716,247.22740844963053
1.86,110.07314843035658,41.999390429747834,4.227839786448843,199.45857687986967
1.87,111.80737580006094,37.2447424565679,3.759960675139877,182.2016548895031
1.88,112.33465406888143,62.511429442242736,6.1934954723306435,308.76039998133115
1.89,113.12099969521486,79.91466016458185,7.779694894441547,431.2557973426152
1.9,113.48978969826273,99.35995123438036,9.448288637547797,599.3124155278407
1.91,114.17250838159099,81.46906430966146,7.917262880998283,444.5073376645535
1.92,114.41024078024992,58.854007924412485,5.850038080853522,288.8109953547752
1.93,114.77903078329776,52.02682109113013,5.200371865280679,251.45206462352843
1.94,116.0408412069491,42.365132581530816,4.263671957088832,206.97922932103302
1.94,116.0408412069491,57.08625419079658,5.682868855150623,280.2479174327835
1.95,117.09539774459006,64.92819620990828,6.4186418534161405,328.76216650129686
1.96,117.70192014629686,93.12357864628137,8.925785306031448,546.2262607198927
1.97,118.860103626943,97.2499003587076,9.272927694337062,584.93360781038
1.98,118.88448643706187,91.06800294028002,8.750916018103515,529.241135028687
1.99,120.78329777506858,74.51996342578414,7.296966587990883,398.2487844027919
2.0,121.10027430661383,85.5836635172221,8.278042536305762,484.75715520969874
2.01,121.38982017677536,87.19902468759511,8.418279783846188,498.53218456219776
2.02,123.49893325205728,72.75220969216821,7.136994994434964,388.2068709997279
2.03,123.28863151478207,98.35416031697474,9.365001033108415,599.6547397123289
2.04,123.84334044498627,74.09326424870385,7.258452392293314,398.20392726863275
2.05,124.73940871685461,73.8494361475145,7.236414172853384,397.33300967974304
2.06,125.05638524839988,70.43584273087396,6.926054858322745,373.47666583531395
2.07,125.61109417860408,45.65681194757726,4.584945048852412,231.1136624037934
2.08,126.08655897592197,58.57970131057583,5.824196129299352,298.8869161991824
2.09,126.16580310880828,53.58122523620918,5.349265219095554,271.03859832727477
2.1,127.35446510210302,38.829625114295204,3.9163832904472202,203.83203800241367
2.11,127.75068576653459,51.508686376104585,5.1506729240822136,261.7426182870644
2.12,127.72325510515087,55.47089302041891,5.529501237758745,282.8748822121619
2.13,128.40902163974397,48.58274916184117,4.868707979440113,247.74249059259273
2.14,129.30813776287715,48.55227064919094,4.865763513311723,248.49328864186725
2.15,129.86284669308137,45.65681194757684,4.5849539923657225,235.36551896266354
2.16,130.365742151783,58.09204510819947,5.778137965577184,300.33739451839233
2.17,132.21883572081683,67.38799146601613,6.64632126643813,359.95605901077374
2.18,133.5934166412679,86.77232551051277,8.381466376402534,507.155139735392
2.19,133.9896373056995,109.26546784516745,10.25361119785723,717.4283713244445
2.2,134.8643706187138,114.81255714720851,10.690748550270921,776.3984287080033
2.21,135.2362084730265,107.68058518744294,10.12694038484113,702.5252719335672
2.22,135.9250228588845,73.05699481865292,7.1647404500600205,402.81430702219336
2.23,136.79670832063394,59.09783602560187,5.8731363311850195,312.62817055091193
2.24,137.11673270344406,66.7479427003954,6.587283074516408,360.61940878479686
2.25,138.01584882657724,60.65224017067978,6.019433602643594,323.09040329520957
2.26,138.68028040231636,67.50990551661107,6.65760133139597,367.2291921333216
2.26,138.68028040231636,67.29655592807143,6.637930331123626,365.8108938150128
2.27,139.1313623895154,66.299729279094,6.545866271169372,359.6910227184
2.28,139.34166412679062,67.92019318688037,6.695400658370072,370.6299383208322
2.29,139.44833892106064,43.4436030290951,4.3691980925739795,235.04234265537346
2.3,141.118561414203,26.785234057048037,2.717987026928553,177.62096509490763
2.31,141.25266686985674,51.93538555318316,5.191679574753063,277.451675744982
2.32,141.1978055470893,60.19506248094994,5.976482611229974,323.53045763699174
2.33,141.33191100274306,55.16610789393449,5.500536296408102,294.80334697057475
2.34,142.49923803718377,38.46388296251131,3.880347460481375,217.55120595057153
2.35,143.0295641572691,28.405973788480395,2.8804625992170423,184.06883436450101
2.36,143.2947272173118,48.55227064919097,4.86579862917473,262.4803135704068
2.37,143.40140201158184,58.91496494970936,5.855915683165437,318.1608516041459
2.38,144.30356598597987,49.34471197805403,4.9423544920547,267.3753864147796
2.39,145.7116732703444,39.80493751904754,4.012442297978161,226.0560499199575
2.4,145.5806156659555,63.730569948185334,6.307423562939335,349.62946002649755
2.41,146.2694300518135,68.82048156049996,6.778223883605531,383.6236081056029
2.42,147.17464187747638,70.13105760438832,6.898345690757936,393.49107560973886
2.43,147.7049679975617,62.99908564461998,6.239225597337449,347.16515187502927
2.44,148.36939957330083,55.80615665955325,5.561469125105553,305.3813208688996
2.45,149.24718073758,70.13105760438751,6.898360355369108,395.56388293470945
2.46,149.43309966473637,71.50259067357429,7.023568141922541,405.29707790932423
2.47,149.46053032612008,60.59128314538396,6.013761742598041,334.16917673090194
2.48,150.79244132886313,45.74824748552211,4.593891928561179,256.71526401014694
2.49,151.03017372752208,50.59433099664772,5.062821548185306,280.35359216637596
2.5,152.1761658031088,49.25327644011012,4.93354875716338,274.7967420913212
2.51,152.01462968607132,70.55775678146865,6.93738808610814,401.2835475118744
2.52,153.02651630600425,64.91923194148221,6.4180149740757395,364.6392106499492
2.53,153.3739713501981,54.52605912831635,5.439577515066951,303.3449023323284
2.54,154.99847607436757,55.37945748247388,5.520898953571743,309.6463272052526
2.54,154.99847607436757,70.03962206644202,6.890035677882269,400.68554662156345
2.55,154.89180128009752,97.40574071749776,9.286545220189945,622.4275213685517
2.56,155.66595550137154,76.54795676740129,7.479749225861501,448.1211731247821
2.57,156.59859798841813,63.043631163106745,6.243430086908413,356.3375686533394
2.58,157.4519963425785,50.522616849236975,5.055936218742564,286.41281990113464
2.58,157.4519963425785,66.13837244742331,6.53104913991663,376.9585355262932
2.59,157.58305394696737,86.27211933234153,8.338356238946337,526.9699892584736
2.6,159.71959768363303,68.33048085715147,6.733285365403375,393.76504702313656
2.61,159.31728131667174,94.26066161817675,9.022617122962332,598.0621734146595
2.62,160.65224017067968,75.6673897843215,7.400696104588233,446.55670954727714
2.63,160.78634562633343,81.34715025906641,7.906992939233692,490.16722741822355
2.64,161.34715025906735,73.39225845778782,7.195327517353029,430.6475235187835
2.65,161.85614142029866,47.241694605304005,4.738947320436056,274.7483612265881
2.66,162.70953977445902,57.7263029564163,5.743676217587905,330.57618614203227
2.67,163.34958854007925,51.84395001523933,5.182971336294722,299.07518339150806
2.68,163.80371837854312,64.88875342883357,6.415246355667025,375.2218798138323
2.69,164.82170070100577,64.0658335873196,6.338746579774667,370.99218871714095
2.7,165.32764401097228,70.2529716549829,6.9096247783545435,412.4881294772713
2.71,166.69308137762874,67.08320633953399,6.618422655114353,392.41265405282616
2.72,166.98567509905516,82.1091130752799,7.9742722231248315,502.4184713743721
2.73,168.11033221578788,82.3529411764675,7.99575698508293,505.49036659311963
2.74,169.76836330387076,82.35294117646977,7.995775111190844,507.14879320989314
2.75,169.55501371533066,102.98689423955842,9.747695416391311,690.2190421300306
2.76,170.33221578786956,85.0655288021926,8.233483405518806,529.7249232712096
2.77,171.53611703748854,81.3776287717182,7.909798524836776,501.1604849394812
2.78,171.8043279487961,74.15422127400234,7.2643565185723835,446.6152252411166
2.79,172.5297165498324,60.53032612008562,6.008143251813687,356.8736509031531
2.8,173.57512953367876,74.2151782992977,7.269879783261779,448.8292929292924
2.81,174.40414507772022,74.79427003962338,7.322167468777494,453.8835152470291
2.82,174.77903078329777,75.06857665346018,7.346902534856189,456.27037539713535
2.83,175.7177689728741,78.23834196891019,7.631161388908946,480.9485100310867
2.84,175.85187442852788,75.80006095702112,7.4127603915822595,462.7416425519907
2.85,177.24779030783296,58.67113684852093,5.833049206846585,350.58441128808465
2.86,177.8390734532155,67.60134105455599,6.666278409669495,407.00151651030717
2.87,178.00060957025295,76.50106674794122,7.47574316674077,470.1092303011379
2.88,180.39012496190185,65.52880219445404,6.4747273167587185,395.9350214284176
2.89,180.0152392563243,98.2932032916814,9.360917244164389,655.8368529798352
2.9,181.41115513562937,80.85949405669213,7.864102931585689,506.95124136147484
2.9,181.41115513562937,91.58793050899125,8.796178474285465,596.3514125561128
2.91,182.4596159707406,98.18563207056222,9.352009496500763,657.2758701511294
2.92,182.29807985370314,75.750826436596,7.408389262198416,468.8241133549661
2.93,183.07832977750684,76.96996694253643,7.517828188446454,478.70312386310223
2.94,184.07192928985066,51.481793570825936,5.148256920119774,317.92758462599784
2.95,184.82474855227062,59.40262115208758,5.902081351547046,362.4539141867579
2.96,185.04114599207557,65.04114599207517,6.4295168652184165,397.44007983893715
2.97,186.30600426699175,72.3255105150898,7.098729558306308,447.98600974684723
2.98,186.33343492837548,74.24565681194736,7.272739187984082,461.81126910582464
2.98,186.33343492837548,60.04266991770705,5.962356455576693,367.75962039523927
2.99,188.13776287717158,55.05853667281975,5.490458848093462,341.020430161073
3.0,188.70161536117035,88.65730429278075,8.545097031918113,578.2332719974371
3.01,188.83572081682414,94.4247766862849,9.03693120104286,629.0742485225318
3.02,190.8838768668089,88.79107876006204,8.5566489163374,581.5601106254039
3.03,190.77720207253887,97.98841816519656,9.335734640949985,663.7545260522141
3.04,192.12435233160622,74.61139896373052,7.305816283382826,470.26912450989676
3.05,192.47485522706492,87.86955196586332,8.47718253473657,575.302996877583
3.06,192.9868942395611,85.18744285279067,8.244386345130131,553.3901648272363
3.07,194.17555623285583,59.03687900030513,5.867638649540966,369.6530100965017
3.08,194.12069491008836,76.59250228588763,7.4840905899970815,486.9161601161943
3.09,195.1722035964645,56.933861627551444,5.668735101348335,358.51893726474196
3.1,196.11703748857056,65.28497409326756,6.4522076382677795,410.08751578631393
3.11,196.44315757391038,72.56933861627333,7.120961152000006,459.8582291200786
3.12,198.73818957634865,65.31545260591075,6.455050179449453,412.9056227396262
3.13,198.27796403535504,105.05943309966585,9.91693721050223,739.3364160788393
3.14,199.89942090825966,88.32672965559014,8.516746761622985,586.6144687206412
3.15,200.5760438890582,93.99573300822806,9.000876765063541,636.9496985261735
3.16,200.33221578786953,94.27003962206756,9.024048182785345,639.1779531075789
3.17,202.00853398354158,54.86132276744979,5.471715809563973,353.81095433414976
3.18,202.22493142334653,78.93934775982915,7.693896602444373,512.8324529454434
3.19,202.7674489484913,60.83511124657103,6.036913923266865,388.9492024038575
3.2,202.82231027125877,62.75525754343044,6.216745407956624,400.7686243276233
3.21,204.28223102712587,57.39103931728214,5.712102240348168,370.23103447689437
3.22,204.63578177384943,51.4477293508079,5.145045207593783,338.31692352987506
3.22,204.63578177384943,63.364827796402885,6.2736512261662,406.3891436027599
3.23,205.63547698872296,69.75097262311942,6.863965322439193,449.34397548588106
3.24,206.33953063090522,86.79342601927159,8.384209904323754,580.0992716694193
3.25,207.6409631209997,73.47666049280966,7.2033441124965405,477.556120388117
3.26,208.18348064614443,96.65274216971144,9.224504524555275,668.7732546833856
3.27,208.78085949405667,91.00883876866949,8.747142442751825,618.6511245037979
3.28,209.7287412374276,81.3471502590694,7.907510565805045,539.1207654718121
3.29,210.62480950929591,79.18317586101952,7.715679246195448,523.112691269522
3.3,210.84120694910087,75.1295336787575,7.3527034063857215,492.78663543146564
3.31,212.0085339835416,71.59402621152053,7.032365332945701,468.523863297465
3.32,212.44132886315145,75.67814690643324,7.4021145377590205,498.43437838597094
3.33,213.30996647363608,68.08899725693459,6.711419879881346,445.7383129882264
3.34,214.3980493751905,69.704358427307,6.859756379609641,457.78779661511413
3.35,215.9463578177385,84.15117342274142,8.154130310165867,567.8590354621876
3.36,216.27247790307834,98.3236818043284,9.364081867700229,692.3961969819876
3.37,216.4340140201158,102.98689423956228,9.74861070497957,737.1237437590913
3.38,217.2508381590978,81.22523620847294,7.896818014306225,545.6811842320801
3.39,217.52209692167023,61.932337701919394,6.139860956940055,410.385359852806
3.4,219.53367875647666,41.29838463882963,4.159283555740842,305.98125528446286
3.41,219.4513867723255,76.10484608351037,7.4405381927815775,508.6123377357869
3.42,219.53367875647666,83.17586101798126,8.068674917189735,563.5360892472603
3.43,220.8412069491009,64.94971045412697,6.421232596195074,432.656091697638
3.44,221.60316976531544,66.38220054861186,6.5539942792907935,442.71163645784
3.45,221.98415117342273,55.28802194452907,5.5124380638958534,376.13105338282776
3.46,223.39835416031698,71.35019811032971,7.010229909280539,478.20327758613314
3.47,224.16031697653153,88.72295032002603,8.551223981619115,614.2642954323692
3.48,224.18774763791524,84.33404449862672,8.170225324084436,577.5951911162343
3.49,225.79701310576044,73.45321548308266,7.201366109897821,495.546116115735
3.5,226.83328253581226,84.15117342273808,8.154256257111069,578.748774811379
3.51,226.55897592197502,85.06552880219417,8.234153051609606,585.9668298434183
3.52,228.3328253581225,74.42852788783841,7.289607460421686,505.1489643581059
3.53,228.3053946967388,90.52118256629232,8.705709971359274,633.926864332793
3.54,229.72569338616276,65.1630600426679,6.4410897861880585,442.913524940506
3.54,229.72569338616276,75.31240475464747,7.369340681175718,513.0204322776307
3.55,230.27125876257236,96.03420764830754,9.173029240406237,685.1807378201305
3.56,230.98140810728435,73.93383818254445,7.24491539387988,504.20292937572094
3.57,231.60926546784515,83.17117201603892,8.06839860074121,575.5768297938912
3.58,232.12740018287107,63.02777130358341,6.242346928924485,431.7738444861286
3.59,232.5632429137458,61.41420298689434,6.0913909339410575,422.2589708817272
3.6,233.65742151782993,57.299603779336245,5.703558046340176,399.0860739595979
3.61,234.42243218530933,63.060042669916754,6.245371505323716,434.27057135364475
3.62,234.53215483084423,71.56354769887201,7.029756974843036,490.83633808720515
3.63,235.29716549832366,66.68698567509892,6.582255902959349,458.40894653167226
3.64,236.30905211825663,63.42578482170184,6.279505093168159,438.44779388415145
3.65,236.44620542517524,61.77994513867708,6.125684404254394,428.3763887919513
3.66,237.21121609265467,58.244437671441176,5.792993149420205,408.07126827542703
3.67,238.3602560195062,65.07162450472266,6.4326523358649865,450.96036845813535
3.68,238.85400792441325,70.2834501676308,6.912934651006149,486.2347243496953
3.69,239.6190185918927,70.03962206644076,6.890631731574548,485.3169850797518
3.7,241.28924108503503,79.88418165193605,7.77828205463993,559.2142141646889
3.71,241.1246571167327,94.14812557147188,9.014384250010005,678.886913789102
3.72,241.78299298994207,79.640353550748,7.756633027948349,557.8141455299431
3.73,243.1545260591283,73.63608655897792,7.218067668535288,514.2247697094215
3.74,243.0448034135934,75.64766839378012,7.399638375223818,528.8175743978114
3.75,243.8646754038403,55.4099359951234,5.5241249849830245,398.68546753183693
3.76,244.35842730874734,67.41846997866145,6.649842467374438,472.31073906598317
3.77,246.08655897592195,58.61017982322526,5.827588544789305,419.07224784547884
3.78,245.9219750076196,71.77689728741426,7.049274894140166,503.72963657146033
3.79,247.90003047851263,79.76226760133962,7.767523478581568,564.8787769841615
3.8,247.46113989637303,96.34257848216734,9.199173142673878,705.2106662011951
3.81,248.4486437061871,80.18896677842504,7.805398124166657,568.749985473326
3.82,248.91496494971045,62.633343492839444,6.205592912880471,446.107923086254
3.83,250.17677537336178,65.34593111856562,6.458176196587434,464.54606308110317
3.84,249.40871685461747,60.07314843036207,5.965513616572034,431.0211633733552
3.85,251.11246571167325,56.23285583663621,5.6024130253249025,410.51178101786803
3.86,251.6062176165803,58.21395915879535,5.790172408387462,422.2906592429832
3.86,251.6062176165803,63.181956720511714,6.256840639742587,452.21793614691217
3.87,251.935385553185,62.2389156820864,6.168726969673833,446.6882040961784
3.88,252.81621456872904,82.17475910252418,7.980987234982915,588.7929724937667
3.89,253.17281316671745,54.32208754366645,5.420462484882647,402.04102024568306
3.9,255.51356293812862,54.735823009483745,5.459940954166074,406.63269014252853
3.91,255.37336177994513,90.52118256629339,8.7060893079173,661.0040282747724
3.92,256.19932947272173,95.7330082291973,9.148161401299477,708.3605541085442
3.93,256.8332825358122,89.66778421212695,8.632933149181062,655.0658738514642
3.94,257.4672355989028,80.067052727828,7.794675043966256,576.819579974688
3.95,258.32063395306307,53.67266077415496,5.3584462759660365,403.68902203484515
3.96,258.73209387381894,71.62450472417125,7.035491388899506,515.4683508540679
3.97,259.1740323072234,65.52880219445088,6.475188752088084,474.7267805681885
3.98,261.65498323681805,59.463578177383695,5.908168362157534,439.6493581410166
3.99,260.8015848826577,92.2889362999102,8.857042172244917,681.957948631534
4.0,261.7647058823529,78.84791222188386,7.686333318805734,571.6811381463772
4.01,262.2889362999086,76.92776592502156,7.514767560612125,557.6111324879303
4.02,262.6760134105456,63.39530630905435,6.276803492441436,464.62572007754443
4.03,263.77933556842424,35.29411764706154,3.5670403908869455,327.028892232052
4.04,265.0472416946053,68.66808899725686,6.765019258296855,501.38371009157356
4.05,265.32459615970737,80.55470893020336,7.837989096605357,588.4903277554072
4.06,266.06827186833283,84.42548003657488,8.178709947011596,620.2340859263145
4.07,266.622980798537,83.29777506857644,8.079907376709583,611.6214392063439
4.08,266.70527278268816,67.08320633953014,6.619047829708742,492.43575451686013
4.09,267.3392258457787,46.14446814995423,4.63266534537666,375.092844167942
4.1,269.68911917098444,46.66260286497949,4.6830049917544185,379.8561870082692
4.11,268.8875342883267,79.57939652544968,7.751486776250963,584.4517015051224
4.12,269.2746113989637,75.12953367876214,7.353201650164651,551.2298681136916
4.13,271.0423651325815,66.86985675098994,6.599372672448851,495.36324405918083
4.14,271.4324900944834,69.91770801584939,6.879694320813935,516.2951364049503
4.15,272.2615056385248,56.41572691252635,5.619864412056617,432.68810830175914
4.16,272.17921365437365,89.05821395915953,8.580734815670546,665.1702960315531
4.17,273.25815300213344,70.28345016763221,6.913179046138299,520.6433535028491
4.18,273.25815300213344,51.78299298993681,5.177451317649767,408.67238226752806
4.18,273.25815300213344,46.479731789087076,4.665253892461039,382.57055176953634
4.19,275.0015239256324,39.07524606916953,3.9407811491950406,352.44597004285396
4.2,275.5836635172204,80.13504325604663,7.80089066623631,595.4700677460032
4.21,276.1658031088083,91.66998804304563,8.804546328527632,691.8618940081875
4.22,276.967387991466,99.19859440270993,9.437823956188117,761.3446290640281
4.23,277.04967997561715,85.82749161840954,8.301161614064918,642.7710087463482
4.24,276.74489484913136,54.800365742150895,5.466169959311689,428.21767778354115
4.25,279.2410850350503,32.06339530630749,3.245917512530335,331.48493730152836
4.26,278.76866808899723,59.28070710149049,5.891005986608936,455.6853427469981
4.27,279.8506552880219,57.93965254495408,5.764347651620912,448.95211912826574
4.28,280.98750380981403,76.25723864675483,7.454772949955953,571.2943323442556
4.29,281.6001219140506,90.94788174337248,8.742966177581797,690.9625242152715
4.3,282.1822615056385,69.36909478818008,6.829492911437609,523.2857355339142
4.31,281.8469978665041,85.76653459311134,8.295913661193014,647.0638050025611
4.32,282.59676927765923,51.87442852788975,5.186257983581322,418.4851784382426
4.33,283.87381895763485,34.65406888143683,3.5035659391323546,344.86077710913645
4.34,284.62359036879,49.6190185918953,4.969197226015237,409.0595107793406
4.35,284.81865284974094,69.0947881743329,6.804342223628176,524.0525249828597
4.36,285.43127095397745,79.70131057604385,7.762484548202759,601.9445936592788
4.37,286.34867418469975,66.13837244742489,6.531823720317713,505.8685251251445
4.38,286.95824443767145,57.57391039317053,5.7297575725357826,453.958202052817
4.39,288.01584882657727,61.99329472721894,6.145921021358356,481.2592216043984
4.4,288.4059737884791,79.21365437366832,7.719155783925645,601.145053108894
4.41,289.4056690033526,76.16580310880559,7.44663329584705,579.0327322421854
4.42,289.68302346845473,75.61718988113134,7.3973002633549285,575.2383421120564
4.43,290.46327339225843,68.39378238342056,6.739968150701643,524.9504931772699
4.44,291.79823224626637,61.718988113378714,6.120248343331272,483.3595602078849
4.45,291.82871075891495,78.42121304480688,7.648585243659863,598.4794515451708
4.46,292.6059128314538,69.61292288936079,6.851920130638398,535.3786436258772
4.47,293.0813776287717,72.11216092654367,7.080146517022195,553.2642999995976
4.48,293.63913441024073,60.43889058213689,6.00011649604911,477.4429342710041
4.49,295.032002438281,49.344711978055315,4.942750255349451,418.10881400013557
4.5,295.1417250838159,74.39804937519044,7.28740903542433,571.7465507678062
4.5,295.1417250838159,70.22249314233358,6.907757891715577,542.1085298443936
4.51,296.17494666260285,71.89343277695049,7.06026400779726,554.8118578094675
4.52,297.03748857055774,75.31709375659467,7.370340626884827,580.3782076310738
4.53,297.34532154830845,73.2070428809313,7.179625528755823,565.3352879547463
4.54,297.9305089911612,77.59470749592012,7.574811388975593,598.2913080323335
4.55,298.76866808899723,67.47942700396234,6.6558090436226784,527.1325698842495
4.56,298.71075891496497,60.80463273392128,6.034507738039574,484.7157180946861
4.57,299.04602255409935,47.698872295030526,4.78358096876982,414.1188899341713
4.58,299.9116123133191,41.81651935385499,4.210228521057962,388.52881306434756
4.59,300.4693690947882,42.395611094177674,4.2669685240238895,391.54112012801846
4.6,301.5330691862237,46.02255409935871,4.620887501274104,408.7234833863748
4.61,301.2800975312405,70.67967083206554,6.949601648055941,551.4153489083831
4.62,302.8710758914965,60.89606827186966,6.0431143234676155,489.4285080042464
4.63,303.4318805242304,67.29655592806719,6.638969199761359,530.5806836922773
4.64,303.48674184699786,72.63029564157137,7.1273291585574166,567.351876113446
4.65,304.5504419384334,60.591283145380125,6.014491403418533,489.27050869936784
4.66,305.55623285583664,71.5635476988723,7.030286999380925,561.8703324794594
4.67,305.75129533678756,64.88875342883162,6.41605511584498,517.1830745291329
4.68,306.45230112770497,67.08320633952658,6.619295957140527,532.1871122602158
4.69,307.2355989027735,71.31971959767887,7.008071065181299,561.8384578790166
4.7,308.85705577567813,62.66382200549033,6.208750784672918,506.2442162963545
4.71,308.32672965559277,80.85949405669243,7.865422398584532,633.8950283616657
4.72,309.612922889363,75.5562328558346,7.3919857031796035,594.720912535608
4.73,309.8658945443462,74.1237427613543,7.262736609811439,584.4774853915867
4.74,310.62176165803106,60.16458396830494,5.974397826373986,492.7844425012211
4.75,311.26485827491615,50.68576653459081,5.072076000382766,441.0574919322304
4.76,311.5178299298994,68.85096007314921,6.782132208229004,549.0985544156092
4.77,312.0512039012496,52.08777811642695,5.206824281791784,449.0494865363441
4.78,312.77964035355075,52.66686985675446,5.262357046177408,452.80926516382215
4.79,313.34044498628464,51.021030173729514,5.104342637851019,444.839048057619
4.8,314.0140201158183,54.12983846387609,5.402316605927402,461.84480018670854
4.81,313.7884791222188,62.81621456872687,6.223016479000853,512.1233089592582
4.82,315.05028954587016,47.08930204206331,4.724520290805056,427.22567681178907
4.82,315.05028954587016,49.89332520573102,4.995737881855428,440.85397311748113
4.83,315.91892715635475,53.74078921418736,5.365151214622017,461.6552575735735
4.84,316.79061261810426,69.83096147984989,6.872066532242684,561.062576697527
4.85,317.2660774154221,97.54296298033152,9.300753901014003,786.1497329998224
4.86,317.9975617189881,76.57278089535107,7.4834334291184375,610.6678408549783
4.87,318.4181651935385,72.41694605303006,7.1080575733106475,580.7669341672981
4.88,318.9789698262724,62.05425175251153,6.151783199955525,512.5996501653755
4.89,319.40262115208776,55.28802194453095,5.51279161057006,473.5545459852199
4.9,320.6370009143554,52.54495580615852,5.250697207624154,460.026114594256
4.91,320.60957025297165,62.63334349283968,6.205962644785531,517.8085227117882
4.92,321.6488875342883,60.40841206949256,5.997381542402822,505.2718916159781
4.93,321.14294422432187,65.46784516915476,6.469897801663694,536.3073016273631
4.94,323.16671746418774,44.92532764400963,4.5141322713225,425.34603590261577
4.95,323.0265163060042,55.9280707101486,5.573715128250421,480.7265895007188
4.96,323.73056994818654,63.51722035965029,6.288499606296476,526.4515878206391
4.97,323.81590978360254,60.46936909478908,6.003122627158518,507.8048291019769
4.98,324.8277964035355,59.09783602560538,5.873960928233716,500.6718276343562
4.99,325.248399878086,41.115513562942766,4.141501022061656,410.93871278270717
5.0,325.2788783907345,55.40993599512993,5.524422220226424,480.10390291723206
5.01,326.4614446814995,45.2910697957928,4.549765918073761,430.2983652912222
5.02,327.333130143249,57.42151782993245,5.715486418972374,493.463424991115
5.03,327.247790307833,62.23712282840705,6.168940753919602,521.9956930418991
5.04,327.9244132886315,60.53032612008838,6.0088719500228995,512.2797405035762
5.05,328.17738494361475,60.77415422127483,6.031784601716271,514.0006563283312
5.06,329.1374580920451,40.23163669613106,4.054671446815166,411.20561714333
5.07,329.417860408412,45.38250533373885,4.558674665837242,433.671268688803
5.08,330.6857665345931,55.53185004571608,5.536047953747306,486.18528648648777
5.09,330.5181347150259,67.63181956720484,6.670062608427246,559.9009692505699
5.1,331.6732703444072,62.29807985369988,6.174666708585998,526.797749279616
5.11,331.72813166717464,61.71898811337737,6.120445852159815,523.2926119174142
5.12,332.4900944833892,56.08046327339177,5.588239364455888,491.0411795310783
5.13,333.2825358122523,48.186528497410286,4.830887784182659,450.7006933312238
5.14,333.0265163060043,63.45626333434573,6.2828645130586835,535.365195887582
5.14,333.0265163060043,42.60896068271869,4.287912539366467,425.01145654314615
5.15,334.38281011886613,41.43284866521979,4.172657154479441,421.39246028405216
5.16,333.0265163060043,50.06681827772594,5.012513876883397,459.6990055544171
5.17,333.9591587930509,8.756711134036008,0.8930090794502513,337.87023620368984
5.18,334.4651021030174,20.698495795757815,2.105088471489828,356.28734992027773
5.19,335.1722035964645,24.535202682109823,2.4919567990896865,365.8137054806783
5.2,335.8213959158793,30.173727522099394,3.057402276872586,382.10988031092376
5.21,336.4157269125266,68.02804023163341,6.706607972745379,568.449289111788
5.22,336.5833587320938,62.69430051813663,6.211742533802333,534.1621212472878
5.23,337.290460225541,54.80036574215016,5.466384071523031,488.7662566166851
5.24,337.43066138372444,49.98476074367364,5.004615047915548,463.6923136671692
5.25,338.8448643706187,40.932642487048305,4.123567406593375,423.77967370192385
5.26,339.38128619323373,57.05577567814474,5.6808669068493325,503.4282265427957
5.27,339.5519658640658,71.50259067357375,7.024984287389076,595.442415521726
5.28,340.20115818348063,64.73636086559063,6.402089956862528,550.6595264202597
5.29,340.96616885096006,62.48095092959793,6.191819351358833,537.2221487529781
5.3,341.19170984455957,50.624809509292184,5.066292206183596,470.6764365974938
5.31,341.4172508381591,50.35050289546017,5.039874868976305,469.51589113465525
5.32,341.70070100579085,47.211216092658226,4.736407581500969,454.4535350812605
5.33,343.2581530021335,34.50167631819291,3.488493754474687,403.712826065863
5.34,343.2855836635172,50.92959463578151,5.095632545257663,474.318990025385
5.35,344.44681499542827,60.28649801889011,5.986022414122005,527.3409955389212
5.36,344.55958549222794,76.44010972264513,7.471761407805783,636.2425817143458
5.37,345.21182566290764,69.0643096616878,6.801952832497834,584.245706210549
5.38,345.21182566290764,51.81347150259022,5.180594536957517,480.78677864963333
5.39,345.891496494971,46.17494666260216,4.635797755299616,453.788358346001
5.4,347.13806766229806,35.41603169764917,3.579210389324915,410.8239803719217
5.41,346.7967083206339,58.366351722036484,5.804979266740248,518.3706811933201
5.42,347.9030783297775,50.960073148432976,5.098578150549668,479.0920096439688
5.43,348.3572081682414,62.877171594024716,6.228891000651631,547.0744793346854
5.44,348.6680889972569,56.9643401402026,5.672231587964985,512.1965296276795
5.45,349.26546784516916,46.20542517525424,4.638767543944434,457.3037531848603
5.46,349.5489180128009,57.025297165496156,5.678016698806881,513.4233483629174
5.46,349.5489180128009,41.99939042974766,4.228234469499995,438.9385579519
5.47,350.5973788479122,41.074277928171945,4.137492087709652,436.1174052038651
5.48,351.47820786345625,58.60080181933338,5.827153547387104,524.4160580960609
5.49,352.04510819871984,79.09174032307365,7.708928124216203,663.8567672164388
5.5,352.44132886315145,85.6894418846442,8.290056505551055,717.0383429886887
5.51,353.0387077110637,72.32551051508621,7.10001045088274,614.7429545539258
5.52,354.2029868942396,58.45778725998309,5.813652421401705,526.3086096938035
5.53,354.0902163974398,64.43157573910804,6.373827341005446,562.6029347112066
5.54,354.97104541298387,58.51874428527892,5.819415826893236,527.431276026295
5.55,355.7086254190795,61.10941786040982,6.063396388550671,543.5615028909245
5.56,356.7601341054556,61.078939347757874,6.060540627656737,544.4283315280576
5.57,357.4428527887839,67.32703444071763,6.642121673707128,584.8000051602155
5.58,357.90003047851263,84.9436147515958,8.225069843012296,716.3398019817362
5.59,358.7229503200244,75.92197500762134,7.425324086387343,646.5491007129368
5.6,358.8082901554404,71.68546174946675,7.041793896613931,615.9876320744322
5.61,359.634257848217,53.76409631210184,5.367525393951342,505.4976788761153
5.62,359.89027735446507,52.91069795793975,5.285866804630614,501.2079045782225
5.63,360.515086863761,48.91801280097434,4.901703221688148,481.4937137832913
5.64,361.51173422736963,46.662602864976186,4.683209874080302,471.6812398174042
5.65,362.0268210911307,62.87717159402446,6.228962167998775,560.7452507768903
5.66,362.73697043584275,64.06583358731363,6.339834221091344,568.9255231292232
